{"type":"FeatureCollection","features":[{"type":"Feature","geometry":{"type":"MultiPolygon","coordinates":[[[[-44.2342,-23.0899],[-44.2018,-23.1201],[-44.1482,-23.1252],[-44.0954,-23.1754],[-44.1179,-23.1864],[-44.1406,-23.1677],[-44.2067,-23.195],[-44.2449,-23.2002],[-44.2898,-23.1768],[-44.3158,-23.1902],[-44.346,-23.1807],[-44.3065,-23.121],[-44.2499,-23.1098],[-44.2342,-23.0899]]],[[[-44.3181,-22.8451],[-44.2609,-22.8476],[-44.2377,-22.872],[-44.2416,-22.913],[-44.1926,-22.9289],[-44.1633,-23.0082],[-44.1657,-23.034],[-44.2352,-23.0566],[-44.2307,-23.0147],[-44.2673,-23.0025],[-44.2971,-23.0266],[-44.315,-23.0085],[-44.346,-23.0283],[-44.3544,-22.9965],[-44.315,-22.9827],[-44.3208,-22.9362],[-44.3453,-22.9218],[-44.3714,-22.9379],[-44.3753,-22.9629],[-44.4162,-22.9523],[-44.4441,-23.0117],[-44.4779,-23.0061],[-44.5211,-23.0276],[-44.5469,-23.0156],[-44.5445,-22.9809],[-44.5642,-22.9551],[-44.6216,-22.9384],[-44.6387,-22.9142],[-44.6071,-22.8853],[-44.5552,-22.8881],[-44.5053,-22.8515],[-44.4844,-22.8464],[-44.4669,-22.885],[-44.4231,-22.8505],[-44.3812,-22.8584],[-44.3181,-22.8451]]]]},"properties":{"tipo":"municipio","municipio":{"id":3300100,"nome":"Angra dos Reis"},"microrregiao":{"id":33013,"nome":"Baía da Ilha Grande"},"mesorregiao":{"id":3305,"nome":"Sul Fluminense"},"uf":{"id":33,"nome":"Rio de Janeiro","sigla":"RJ"},"regiao":{"id":3,"nome":"Sudeste","sigla":"SE"},"centroide":{"x":-44.3849,"y":-22.9374},"inner":{"x":-44.4878,"y":-22.9435}}},{"type":"Feature","geometry":{"type":"Polygon","coordinates":[[[-42.1198,-21.6015],[-42.091,-21.6291],[-42.0568,-21.6368],[-42.075,-21.6584],[-42.138,-21.7048],[-42.1844,-21.6815],[-42.2029,-21.6435],[-42.1198,-21.6015]]]},"properties":{"tipo":"municipio","municipio":{"id":3300159,"nome":"Aperibé"},"microrregiao":{"id":33002,"nome":"Santo Antônio de Pádua"},"mesorregiao":{"id":3301,"nome":"Noroeste Fluminense"},"uf":{"id":33,"nome":"Rio de Janeiro","sigla":"RJ"},"regiao":{"id":3,"nome":"Sudeste","sigla":"SE"},"centroide":{"x":-42.1347,"y":-21.6523},"inner":{"x":-42.1358,"y":-21.6551}}},{"type":"Feature","geometry":{"type":"Polygon","coordinates":[[[-42.1825,-22.5527],[-42.1319,-22.6534],[-42.1669,-22.6804],[-42.2184,-22.7702],[-42.2539,-22.792],[-42.237,-22.8635],[-42.2826,-22.9002],[-42.2812,-22.9396],[-42.3816,-22.9358],[-42.3866,-22.8951],[-42.3699,-22.8354],[-42.4468,-22.8228],[-42.4418,-22.7303],[-42.42,-22.7364],[-42.3319,-22.7043],[-42.3145,-22.648],[-42.2754,-22.6056],[-42.247,-22.6128],[-42.1993,-22.576],[-42.1869,-22.5555],[-42.1825,-22.5527]]]},"properties":{"tipo":"municipio","municipio":{"id":3300209,"nome":"Araruama"},"microrregiao":{"id":33010,"nome":"Lagos"},"mesorregiao":{"id":3304,"nome":"Baixadas"},"uf":{"id":33,"nome":"Rio de Janeiro","sigla":"RJ"},"regiao":{"id":3,"nome":"Sudeste","sigla":"SE"},"centroide":{"x":-42.293,"y":-22.7555},"inner":{"x":-42.3192,"y":-22.7745}}},{"type":"Feature","geometry":{"type":"Polygon","coordinates":[[[-43.0478,-22.2086],[-43.0938,-22.2423],[-43.1063,-22.2815],[-43.127,-22.2759],[-43.1455,-22.304],[-43.1817,-22.3011],[-43.1596,-22.1929],[-43.1065,-22.1986],[-43.055,-22.1653],[-43.0478,-22.2086]]]},"properties":{"tipo":"municipio","municipio":{"id":3300225,"nome":"Areal"},"microrregiao":{"id":33005,"nome":"Três Rios"},"mesorregiao":{"id":3303,"nome":"Centro Fluminense"},"uf":{"id":33,"nome":"Rio de Janeiro","sigla":"RJ"},"regiao":{"id":3,"nome":"Sudeste","sigla":"SE"},"centroide":{"x":-43.1215,"y":-22.2354},"inner":{"x":-43.1288,"y":-22.2353}}},{"type":"Feature","geometry":{"type":"Polygon","coordinates":[[[-41.9695,-22.8225],[-42.0097,-22.7781],[-41.9737,-22.7299],[-41.9324,-22.7672],[-41.9301,-22.8067],[-41.9695,-22.8225]]]},"properties":{"tipo":"municipio","municipio":{"id":3300233,"nome":"Armação dos Búzios"},"microrregiao":{"id":33010,"nome":"Lagos"},"mesorregiao":{"id":3304,"nome":"Baixadas"},"uf":{"id":33,"nome":"Rio de Janeiro","sigla":"RJ"},"regiao":{"id":3,"nome":"Sudeste","sigla":"SE"},"centroide":{"x":-41.9505,"y":-22.7764},"inner":{"x":-41.9638,"y":-22.7827}}},{"type":"Feature","geometry":{"type":"Polygon","coordinates":[[[-42.2812,-22.9396],[-42.2826,-22.9002],[-42.237,-22.8635],[-42.2117,-22.8777],[-42.1717,-22.8737],[-42.1222,-22.9083],[-42.0885,-22.9328],[-42.0361,-22.9327],[-42.009,-22.9601],[-42.0203,-22.9744],[-42.0656,-22.9572],[-42.2812,-22.9396]]]},"properties":{"tipo":"municipio","municipio":{"id":3300258,"nome":"Arraial do Cabo"},"microrregiao":{"id":33010,"nome":"Lagos"},"mesorregiao":{"id":3304,"nome":"Baixadas"},"uf":{"id":33,"nome":"Rio de Janeiro","sigla":"RJ"},"regiao":{"id":3,"nome":"Sudeste","sigla":"SE"},"centroide":{"x":-42.1675,"y":-22.922},"inner":{"x":-42.1817,"y":-22.9112}}},{"type":"Feature","geometry":{"type":"Polygon","coordinates":[[[-43.7487,-22.4032],[-43.7771,-22.4422],[-43.7548,-22.4599],[-43.7699,-22.518],[-43.7976,-22.5519],[-43.8194,-22.546],[-43.8113,-22.5132],[-43.8686,-22.5286],[-43.9135,-22.5208],[-44.0019,-22.5113],[-44.0306,-22.4971],[-44.0715,-22.4599],[-44.0056,-22.4071],[-44.0842,-22.382],[-44.0632,-22.3336],[-44.0264,-22.2973],[-43.9727,-22.3127],[-43.9504,-22.3498],[-43.9139,-22.3547],[-43.8539,-22.314],[-43.8579,-22.362],[-43.8448,-22.3844],[-43.8137,-22.3558],[-43.7852,-22.3609],[-43.7487,-22.4032]]]},"properties":{"tipo":"municipio","municipio":{"id":3300308,"nome":"Barra do Piraí"},"microrregiao":{"id":33012,"nome":"Barra do Piraí"},"mesorregiao":{"id":3305,"nome":"Sul Fluminense"},"uf":{"id":33,"nome":"Rio de Janeiro","sigla":"RJ"},"regiao":{"id":3,"nome":"Sudeste","sigla":"SE"},"centroide":{"x":-43.913,"y":-22.4257},"inner":{"x":-43.9162,"y":-22.4398}}},{"type":"Feature","geometry":{"type":"Polygon","coordinates":[[[-44.0264,-22.2973],[-44.0632,-22.3336],[-44.0842,-22.382],[-44.0056,-22.4071],[-44.0888,-22.4063],[-44.142,-22.4353],[-44.1544,-22.4633],[-44.156,-22.5167],[-44.1359,-22.5379],[-44.0901,-22.5304],[-44.0967,-22.5966],[-44.0863,-22.6406],[-44.1471,-22.6528],[-44.1656,-22.6734],[-44.1843,-22.6373],[-44.2456,-22.6064],[-44.3421,-22.5893],[-44.3208,-22.5503],[-44.3321,-22.4938],[-44.301,-22.4494],[-44.2528,-22.4852],[-44.2227,-22.4779],[-44.2247,-22.4543],[-44.2076,-22.3868],[-44.156,-22.3726],[-44.1481,-22.3314],[-44.0902,-22.3259],[-44.0264,-22.2973]]]},"properties":{"tipo":"municipio","municipio":{"id":3300407,"nome":"Barra Mansa"},"microrregiao":{"id":33011,"nome":"Vale do Paraíba Fluminense"},"mesorregiao":{"id":3305,"nome":"Sul Fluminense"},"uf":{"id":33,"nome":"Rio de Janeiro","sigla":"RJ"},"regiao":{"id":3,"nome":"Sudeste","sigla":"SE"},"centroide":{"x":-44.1883,"y":-22.5058},"inner":{"x":-44.2051,"y":-22.5507}}},{"type":"Feature","geometry":{"type":"Polygon","coordinates":[[[-43.3293,-22.7559],[-43.3971,-22.7776],[-43.4107,-22.7681],[-43.4341,-22.7245],[-43.4246,-22.704],[-43.3654,-22.6851],[-43.3198,-22.7094],[-43.3293,-22.7559]]]},"properties":{"tipo":"municipio","municipio":{"id":3300456,"nome":"Belford Roxo"},"microrregiao":{"id":33018,"nome":"Rio de Janeiro"},"mesorregiao":{"id":3306,"nome":"Metropolitana do Rio de Janeiro"},"uf":{"id":33,"nome":"Rio de Janeiro","sigla":"RJ"},"regiao":{"id":3,"nome":"Sudeste","sigla":"SE"},"centroide":{"x":-43.3776,"y":-22.7287},"inner":{"x":-43.3765,"y":-22.729}}},{"type":"Feature","geometry":{"type":"Polygon","coordinates":[[[-42.294,-22.1145],[-42.2976,-22.1513],[-42.2861,-22.2008],[-42.2387,-22.2339],[-42.2875,-22.2922],[-42.3586,-22.3017],[-42.4741,-22.2243],[-42.472,-22.2111],[-42.5221,-22.1599],[-42.4653,-22.1306],[-42.4705,-22.1126],[-42.3966,-22.1197],[-42.3481,-22.1079],[-42.294,-22.1145]]]},"properties":{"tipo":"municipio","municipio":{"id":3300506,"nome":"Bom Jardim"},"microrregiao":{"id":33007,"nome":"Nova Friburgo"},"mesorregiao":{"id":3303,"nome":"Centro Fluminense"},"uf":{"id":33,"nome":"Rio de Janeiro","sigla":"RJ"},"regiao":{"id":3,"nome":"Sudeste","sigla":"SE"},"centroide":{"x":-42.3717,"y":-22.1997},"inner":{"x":-42.369,"y":-22.2046}}},{"type":"Feature","geometry":{"type":"Polygon","coordinates":[[[-41.4696,-21.2028],[-41.4701,-21.2314],[-41.4962,-21.245],[-41.5851,-21.3174],[-41.642,-21.245],[-41.6857,-21.2492],[-41.7295,-21.1684],[-41.8022,-21.1441],[-41.7992,-21.1243],[-41.8391,-21.0816],[-41.8505,-21.0619],[-41.807,-21.0089],[-41.801,-20.9871],[-41.7895,-20.966],[-41.8129,-20.9443],[-41.7831,-20.903],[-41.7415,-20.8726],[-41.7221,-20.9201],[-41.7101,-20.9908],[-41.7224,-21.0092],[-41.7162,-21.0468],[-41.7359,-21.1026],[-41.718,-21.1161],[-41.6639,-21.1248],[-41.6546,-21.1416],[-41.5891,-21.1496],[-41.5786,-21.1696],[-41.5201,-21.1873],[-41.4865,-21.1799],[-41.4696,-21.2028]]]},"properties":{"tipo":"municipio","municipio":{"id":3300605,"nome":"Bom Jesus do Itabapoana"},"microrregiao":{"id":33001,"nome":"Itaperuna"},"mesorregiao":{"id":3301,"nome":"Noroeste Fluminense"},"uf":{"id":33,"nome":"Rio de Janeiro","sigla":"RJ"},"regiao":{"id":3,"nome":"Sudeste","sigla":"SE"},"centroide":{"x":-41.6832,"y":-21.1235},"inner":{"x":-41.6544,"y":-21.1928}}},{"type":"Feature","geometry":{"type":"Polygon","coordinates":[[[-42.1319,-22.6534],[-42.1825,-22.5527],[-42.1338,-22.5424],[-42.1204,-22.559],[-42.06,-22.5603],[-42.0097,-22.5729],[-41.9928,-22.5987],[-41.9979,-22.6321],[-41.9912,-22.6979],[-41.9737,-22.7299],[-42.0097,-22.7781],[-41.9695,-22.8225],[-41.9901,-22.8814],[-42.0289,-22.8997],[-42.0361,-22.9327],[-42.0885,-22.9328],[-42.1222,-22.9083],[-42.088,-22.8652],[-42.0412,-22.8657],[-42.025,-22.7964],[-42.1319,-22.6534]]]},"properties":{"tipo":"municipio","municipio":{"id":3300704,"nome":"Cabo Frio"},"microrregiao":{"id":33010,"nome":"Lagos"},"mesorregiao":{"id":3304,"nome":"Baixadas"},"uf":{"id":33,"nome":"Rio de Janeiro","sigla":"RJ"},"regiao":{"id":3,"nome":"Sudeste","sigla":"SE"},"centroide":{"x":-42.0574,"y":-22.7108},"inner":{"x":-42.059,"y":-22.6463}}},{"type":"Feature","geometry":{"type":"Polygon","coordinates":[[[-42.5506,-22.4558],[-42.6034,-22.5407],[-42.5646,-22.6201],[-42.6275,-22.6568],[-42.668,-22.6367],[-42.6937,-22.6435],[-42.7093,-22.6704],[-42.7472,-22.6865],[-42.7896,-22.6347],[-42.8452,-22.6362],[-42.9069,-22.6553],[-42.9071,-22.6012],[-42.8656,-22.5716],[-42.8856,-22.5482],[-42.923,-22.4695],[-42.9182,-22.451],[-42.8851,-22.4534],[-42.8509,-22.4163],[-42.8105,-22.4052],[-42.7935,-22.3754],[-42.7672,-22.3843],[-42.7276,-22.3556],[-42.6837,-22.3931],[-42.6345,-22.3933],[-42.5846,-22.3553],[-42.5523,-22.3782],[-42.5506,-22.4558]]]},"properties":{"tipo":"municipio","municipio":{"id":3300803,"nome":"Cachoeiras de Macacu"},"microrregiao":{"id":33016,"nome":"Macacu-Caceribu"},"mesorregiao":{"id":3306,"nome":"Metropolitana do Rio de Janeiro"},"uf":{"id":33,"nome":"Rio de Janeiro","sigla":"RJ"},"regiao":{"id":3,"nome":"Sudeste","sigla":"SE"},"centroide":{"x":-42.7284,"y":-22.5161},"inner":{"x":-42.7284,"y":-22.5166}}},{"type":"Feature","geometry":{"type":"Polygon","coordinates":[[[-42.0568,-21.6368],[-42.091,-21.6291],[-42.1198,-21.6015],[-42.1053,-21.602],[-42.0533,-21.5459],[-42.0548,-21.5264],[-41.9981,-21.4889],[-41.974,-21.4747],[-41.9502,-21.4323],[-41.9038,-21.401],[-41.8547,-21.3448],[-41.816,-21.3275],[-41.7787,-21.3901],[-41.7812,-21.4005],[-41.71,-21.4563],[-41.7427,-21.4643],[-41.8159,-21.4907],[-41.8438,-21.531],[-41.8958,-21.5749],[-41.9367,-21.5968],[-42.0099,-21.64],[-42.0568,-21.6368]]]},"properties":{"tipo":"municipio","municipio":{"id":3300902,"nome":"Cambuci"},"microrregiao":{"id":33002,"nome":"Santo Antônio de Pádua"},"mesorregiao":{"id":3301,"nome":"Noroeste Fluminense"},"uf":{"id":33,"nome":"Rio de Janeiro","sigla":"RJ"},"regiao":{"id":3,"nome":"Sudeste","sigla":"SE"},"centroide":{"x":-41.9147,"y":-21.4969},"inner":{"x":-41.9008,"y":-21.4857}}},{"type":"Feature","geometry":{"type":"Polygon","coordinates":[[[-41.5851,-21.3174],[-41.4962,-21.245],[-41.4701,-21.2314],[-41.4696,-21.2028],[-41.4352,-21.2157],[-41.3885,-21.1991],[-41.3162,-21.2135],[-41.2762,-21.2401],[-41.3104,-21.3093],[-41.264,-21.3334],[-41.2667,-21.4077],[-41.2558,-21.4742],[-41.2441,-21.5006],[-41.2545,-21.5563],[-41.1811,-21.5921],[-41.1969,-21.6825],[-41.1344,-21.6779],[-41.183,-21.7239],[-41.1773,-21.7765],[-41.149,-21.8204],[-41.1525,-21.8838],[-41.1279,-21.9119],[-40.9812,-21.9115],[-40.9734,-21.9474],[-40.9897,-22.0106],[-41.125,-22.085],[-41.1338,-22.0955],[-41.2573,-22.099],[-41.2777,-22.0653],[-41.4376,-21.9866],[-41.5132,-22.0147],[-41.5513,-22.0555],[-41.6178,-22.046],[-41.6597,-22.0558],[-41.7018,-22.0511],[-41.7505,-22.0864],[-41.7674,-22.0304],[-41.7169,-21.9815],[-41.721,-21.9449],[-41.7096,-21.8945],[-41.7757,-21.8903],[-41.7965,-21.879],[-41.8493,-21.8874],[-41.8839,-21.8723],[-41.8879,-21.8624],[-41.7975,-21.7959],[-41.7503,-21.7897],[-41.7375,-21.7665],[-41.7052,-21.7488],[-41.696,-21.7144],[-41.6551,-21.6936],[-41.6363,-21.6692],[-41.5917,-21.6629],[-41.5381,-21.6219],[-41.49,-21.6749],[-41.4273,-21.6165],[-41.3601,-21.5442],[-41.3822,-21.49],[-41.4122,-21.4655],[-41.4139,-21.4374],[-41.4495,-21.3986],[-41.5511,-21.429],[-41.5851,-21.3174]]]},"properties":{"tipo":"municipio","municipio":{"id":3301009,"nome":"Campos dos Goytacazes"},"microrregiao":{"id":33003,"nome":"Campos dos Goytacazes"},"mesorregiao":{"id":3302,"nome":"Norte Fluminense"},"uf":{"id":33,"nome":"Rio de Janeiro","sigla":"RJ"},"regiao":{"id":3,"nome":"Sudeste","sigla":"SE"},"centroide":{"x":-41.4041,"y":-21.7477},"inner":{"x":-41.3729,"y":-21.8095}}},{"type":"Feature","geometry":{"type":"Polygon","coordinates":[[[-42.1672,-21.8592],[-42.2073,-21.8772],[-42.243,-21.9729],[-42.2573,-21.9898],[-42.2995,-21.9743],[-42.318,-21.9968],[-42.3562,-22.0087],[-42.3842,-21.9992],[-42.4147,-22.0376],[-42.509,-21.9075],[-42.4576,-21.879],[-42.4406,-21.8277],[-42.467,-21.8016],[-42.4597,-21.7848],[-42.3577,-21.7411],[-42.3335,-21.7458],[-42.2666,-21.7145],[-42.2378,-21.6978],[-42.2064,-21.7837],[-42.1672,-21.8592]]]},"properties":{"tipo":"municipio","municipio":{"id":3301108,"nome":"Cantagalo"},"microrregiao":{"id":33006,"nome":"Cantagalo-Cordeiro"},"mesorregiao":{"id":3303,"nome":"Centro Fluminense"},"uf":{"id":33,"nome":"Rio de Janeiro","sigla":"RJ"},"regiao":{"id":3,"nome":"Sudeste","sigla":"SE"},"centroide":{"x":-42.3339,"y":-21.8684},"inner":{"x":-42.3224,"y":-21.8621}}},{"type":"Feature","geometry":{"type":"Polygon","coordinates":[[[-41.5425,-22.2345],[-41.6431,-22.2757],[-41.689,-22.3001],[-41.7057,-22.2576],[-41.7711,-22.1809],[-41.6937,-22.1083],[-41.5741,-22.1384],[-41.5542,-22.1586],[-41.5399,-22.1977],[-41.5425,-22.2345]]]},"properties":{"tipo":"municipio","municipio":{"id":3300936,"nome":"Carapebus"},"microrregiao":{"id":33004,"nome":"Macaé"},"mesorregiao":{"id":3302,"nome":"Norte Fluminense"},"uf":{"id":33,"nome":"Rio de Janeiro","sigla":"RJ"},"regiao":{"id":3,"nome":"Sudeste","sigla":"SE"},"centroide":{"x":-41.6516,"y":-22.1962},"inner":{"x":-41.6516,"y":-22.1991}}},{"type":"Feature","geometry":{"type":"Polygon","coordinates":[[[-41.5511,-21.429],[-41.4495,-21.3986],[-41.4139,-21.4374],[-41.4122,-21.4655],[-41.3822,-21.49],[-41.3601,-21.5442],[-41.4273,-21.6165],[-41.49,-21.6749],[-41.5381,-21.6219],[-41.5414,-21.5608],[-41.627,-21.5957],[-41.657,-21.4791],[-41.5933,-21.4688],[-41.5511,-21.429]]]},"properties":{"tipo":"municipio","municipio":{"id":3301157,"nome":"Cardoso Moreira"},"microrregiao":{"id":33003,"nome":"Campos dos Goytacazes"},"mesorregiao":{"id":3302,"nome":"Norte Fluminense"},"uf":{"id":33,"nome":"Rio de Janeiro","sigla":"RJ"},"regiao":{"id":3,"nome":"Sudeste","sigla":"SE"},"centroide":{"x":-41.5003,"y":-21.5255},"inner":{"x":-41.488,"y":-21.5012}}},{"type":"Feature","geometry":{"type":"Polygon","coordinates":[[[-42.4597,-21.7848],[-42.467,-21.8016],[-42.4406,-21.8277],[-42.4576,-21.879],[-42.509,-21.9075],[-42.5382,-21.9162],[-42.5603,-21.9994],[-42.691,-21.9693],[-42.6635,-21.9155],[-42.6653,-21.8733],[-42.4597,-21.7848]]]},"properties":{"tipo":"municipio","municipio":{"id":3301207,"nome":"Carmo"},"microrregiao":{"id":33006,"nome":"Cantagalo-Cordeiro"},"mesorregiao":{"id":3303,"nome":"Centro Fluminense"},"uf":{"id":33,"nome":"Rio de Janeiro","sigla":"RJ"},"regiao":{"id":3,"nome":"Sudeste","sigla":"SE"},"centroide":{"x":-42.5664,"y":-21.8956},"inner":{"x":-42.5979,"y":-21.9103}}},{"type":"Feature","geometry":{"type":"Polygon","coordinates":[[[-42.1825,-22.5527],[-42.1869,-22.5555],[-42.212,-22.539],[-42.2503,-22.5464],[-42.2708,-22.4856],[-42.3042,-22.4579],[-42.2776,-22.4017],[-42.2399,-22.3615],[-42.2053,-22.3691],[-42.2193,-22.4056],[-42.201,-22.4305],[-42.1633,-22.428],[-42.1237,-22.4055],[-42.0635,-22.4228],[-42.0185,-22.4297],[-42.0189,-22.4798],[-41.9913,-22.5023],[-41.9793,-22.563],[-41.9928,-22.5987],[-42.0097,-22.5729],[-42.06,-22.5603],[-42.1204,-22.559],[-42.1338,-22.5424],[-42.1825,-22.5527]]]},"properties":{"tipo":"municipio","municipio":{"id":3301306,"nome":"Casimiro de Abreu"},"microrregiao":{"id":33009,"nome":"Bacia de São João"},"mesorregiao":{"id":3304,"nome":"Baixadas"},"uf":{"id":33,"nome":"Rio de Janeiro","sigla":"RJ"},"regiao":{"id":3,"nome":"Sudeste","sigla":"SE"},"centroide":{"x":-42.1442,"y":-22.4819},"inner":{"x":-42.1442,"y":-22.4841}}},{"type":"Feature","geometry":{"type":"Polygon","coordinates":[[[-43.1306,-22.035],[-43.2152,-22.071],[-43.2588,-22.1033],[-43.2733,-22.0762],[-43.3461,-22.056],[-43.3467,-22.0038],[-43.3022,-22.021],[-43.2548,-22.012],[-43.202,-22.0375],[-43.1696,-22.0218],[-43.1306,-22.035]]]},"properties":{"tipo":"municipio","municipio":{"id":3300951,"nome":"Comendador Levy Gasparian"},"microrregiao":{"id":33005,"nome":"Três Rios"},"mesorregiao":{"id":3303,"nome":"Centro Fluminense"},"uf":{"id":33,"nome":"Rio de Janeiro","sigla":"RJ"},"regiao":{"id":3,"nome":"Sudeste","sigla":"SE"},"centroide":{"x":-43.2557,"y":-22.0438},"inner":{"x":-43.2631,"y":-22.035}}},{"type":"Feature","geometry":{"type":"Polygon","coordinates":[[[-41.7505,-22.0864],[-41.7018,-22.0511],[-41.6597,-22.0558],[-41.6937,-22.1083],[-41.7711,-22.1809],[-41.8247,-22.146],[-41.8194,-22.1862],[-41.8401,-22.199],[-41.8597,-22.2696],[-41.8867,-22.2689],[-41.9175,-22.2118],[-41.9013,-22.1905],[-41.9187,-22.1633],[-41.9715,-22.1485],[-41.9717,-22.1318],[-41.9581,-22.1176],[-41.9608,-22.0774],[-41.936,-22.0577],[-41.91,-22.0679],[-41.8869,-22.0491],[-41.8373,-22.0718],[-41.8208,-22.0999],[-41.7505,-22.0864]]]},"properties":{"tipo":"municipio","municipio":{"id":3301405,"nome":"Conceição de Macabu"},"microrregiao":{"id":33004,"nome":"Macaé"},"mesorregiao":{"id":3302,"nome":"Norte Fluminense"},"uf":{"id":33,"nome":"Rio de Janeiro","sigla":"RJ"},"regiao":{"id":3,"nome":"Sudeste","sigla":"SE"},"centroide":{"x":-41.8423,"y":-22.1351},"inner":{"x":-41.879,"y":-22.1214}}},{"type":"Feature","geometry":{"type":"Polygon","coordinates":[[[-42.294,-22.1145],[-42.3481,-22.1079],[-42.4147,-22.0376],[-42.3842,-21.9992],[-42.3562,-22.0087],[-42.318,-21.9968],[-42.3011,-22.0505],[-42.3029,-22.0805],[-42.2693,-22.0892],[-42.294,-22.1145]]]},"properties":{"tipo":"municipio","municipio":{"id":3301504,"nome":"Cordeiro"},"microrregiao":{"id":33006,"nome":"Cantagalo-Cordeiro"},"mesorregiao":{"id":3303,"nome":"Centro Fluminense"},"uf":{"id":33,"nome":"Rio de Janeiro","sigla":"RJ"},"regiao":{"id":3,"nome":"Sudeste","sigla":"SE"},"centroide":{"x":-42.3422,"y":-22.0587},"inner":{"x":-42.3496,"y":-22.0512}}},{"type":"Feature","geometry":{"type":"Polygon","coordinates":[[[-42.3481,-22.1079],[-42.3966,-22.1197],[-42.4705,-22.1126],[-42.4653,-22.1306],[-42.5221,-22.1599],[-42.5575,-22.1636],[-42.5784,-22.1401],[-42.6106,-22.1401],[-42.6035,-22.0837],[-42.5789,-22.0474],[-42.5603,-21.9994],[-42.5382,-21.9162],[-42.509,-21.9075],[-42.4147,-22.0376],[-42.3481,-22.1079]]]},"properties":{"tipo":"municipio","municipio":{"id":3301603,"nome":"Duas Barras"},"microrregiao":{"id":33007,"nome":"Nova Friburgo"},"mesorregiao":{"id":3303,"nome":"Centro Fluminense"},"uf":{"id":33,"nome":"Rio de Janeiro","sigla":"RJ"},"regiao":{"id":3,"nome":"Sudeste","sigla":"SE"},"centroide":{"x":-42.498,"y":-22.0558},"inner":{"x":-42.4959,"y":-22.0484}}},{"type":"Feature","geometry":{"type":"Polygon","coordinates":[[[-43.3293,-22.7559],[-43.3198,-22.7094],[-43.3654,-22.6851],[-43.4015,-22.6521],[-43.3819,-22.6298],[-43.4167,-22.5955],[-43.3874,-22.5751],[-43.4014,-22.5334],[-43.3308,-22.5182],[-43.2964,-22.4757],[-43.2385,-22.5115],[-43.2607,-22.5554],[-43.225,-22.5636],[-43.1944,-22.6227],[-43.2177,-22.653],[-43.2146,-22.7277],[-43.2744,-22.7732],[-43.2725,-22.8034],[-43.3309,-22.8027],[-43.3293,-22.7559]]]},"properties":{"tipo":"municipio","municipio":{"id":3301702,"nome":"Duque de Caxias"},"microrregiao":{"id":33018,"nome":"Rio de Janeiro"},"mesorregiao":{"id":3306,"nome":"Metropolitana do Rio de Janeiro"},"uf":{"id":33,"nome":"Rio de Janeiro","sigla":"RJ"},"regiao":{"id":3,"nome":"Sudeste","sigla":"SE"},"centroide":{"x":-43.2996,"y":-22.6325},"inner":{"x":-43.3072,"y":-22.6245}}},{"type":"Feature","geometry":{"type":"Polygon","coordinates":[[[-43.5618,-22.5001],[-43.5974,-22.5681],[-43.6236,-22.5393],[-43.6647,-22.5485],[-43.6748,-22.5673],[-43.7115,-22.5495],[-43.7002,-22.5373],[-43.6884,-22.463],[-43.584,-22.4551],[-43.5618,-22.5001]]]},"properties":{"tipo":"municipio","municipio":{"id":3301801,"nome":"Engenheiro Paulo de Frontin"},"microrregiao":{"id":33014,"nome":"Vassouras"},"mesorregiao":{"id":3306,"nome":"Metropolitana do Rio de Janeiro"},"uf":{"id":33,"nome":"Rio de Janeiro","sigla":"RJ"},"regiao":{"id":3,"nome":"Sudeste","sigla":"SE"},"centroide":{"x":-43.636,"y":-22.5081},"inner":{"x":-43.6374,"y":-22.4989}}},{"type":"Feature","geometry":{"type":"Polygon","coordinates":[[[-42.9182,-22.451],[-42.923,-22.4695],[-42.8856,-22.5482],[-42.8656,-22.5716],[-42.9071,-22.6012],[-42.9069,-22.6553],[-42.9453,-22.7098],[-42.9751,-22.7316],[-43.0062,-22.7146],[-43.0262,-22.7259],[-43.0388,-22.6928],[-43.0096,-22.6361],[-43.0179,-22.5263],[-43.0355,-22.4933],[-43.0623,-22.4846],[-43.0288,-22.4613],[-42.9761,-22.471],[-42.9182,-22.451]]]},"properties":{"tipo":"municipio","municipio":{"id":3301850,"nome":"Guapimirim"},"microrregiao":{"id":33018,"nome":"Rio de Janeiro"},"mesorregiao":{"id":3306,"nome":"Metropolitana do Rio de Janeiro"},"uf":{"id":33,"nome":"Rio de Janeiro","sigla":"RJ"},"regiao":{"id":3,"nome":"Sudeste","sigla":"SE"},"centroide":{"x":-42.964,"y":-22.5835},"inner":{"x":-42.9543,"y":-22.5642}}},{"type":"Feature","geometry":{"type":"Polygon","coordinates":[[[-42.237,-22.8635],[-42.2539,-22.792],[-42.2091,-22.7852],[-42.1767,-22.8276],[-42.2117,-22.8777],[-42.237,-22.8635]]]},"properties":{"tipo":"municipio","municipio":{"id":3301876,"nome":"Iguaba Grande"},"microrregiao":{"id":33010,"nome":"Lagos"},"mesorregiao":{"id":3304,"nome":"Baixadas"},"uf":{"id":33,"nome":"Rio de Janeiro","sigla":"RJ"},"regiao":{"id":3,"nome":"Sudeste","sigla":"SE"},"centroide":{"x":-42.2182,"y":-22.8278},"inner":{"x":-42.2174,"y":-22.827}}},{"type":"Feature","geometry":{"type":"Polygon","coordinates":[[[-42.9069,-22.6553],[-42.8452,-22.6362],[-42.7896,-22.6347],[-42.7472,-22.6865],[-42.7678,-22.7382],[-42.7974,-22.7369],[-42.7833,-22.7753],[-42.7579,-22.7968],[-42.7336,-22.8408],[-42.7673,-22.8427],[-42.8614,-22.8766],[-42.886,-22.8676],[-42.9061,-22.8169],[-42.9432,-22.7948],[-42.9406,-22.7764],[-42.9884,-22.7497],[-43.0331,-22.7477],[-43.0262,-22.7259],[-43.0062,-22.7146],[-42.9751,-22.7316],[-42.9453,-22.7098],[-42.9069,-22.6553]]]},"properties":{"tipo":"municipio","municipio":{"id":3301900,"nome":"Itaboraí"},"microrregiao":{"id":33018,"nome":"Rio de Janeiro"},"mesorregiao":{"id":3306,"nome":"Metropolitana do Rio de Janeiro"},"uf":{"id":33,"nome":"Rio de Janeiro","sigla":"RJ"},"regiao":{"id":3,"nome":"Sudeste","sigla":"SE"},"centroide":{"x":-42.8544,"y":-22.75},"inner":{"x":-42.8771,"y":-22.7439}}},{"type":"Feature","geometry":{"type":"MultiPolygon","coordinates":[[[[-43.6666,-23.0426],[-43.6678,-23.0531],[-43.8591,-23.0722],[-43.8647,-23.0446],[-43.8063,-23.0613],[-43.754,-23.0598],[-43.6666,-23.0426]]],[[[-43.753,-22.7001],[-43.7731,-22.7689],[-43.7964,-22.7724],[-43.8024,-22.8031],[-43.7659,-22.829],[-43.6748,-22.8648],[-43.6974,-22.8647],[-43.7659,-22.8951],[-43.796,-22.9171],[-43.8322,-22.9313],[-43.8805,-22.9166],[-43.8856,-22.8856],[-43.939,-22.8812],[-43.8738,-22.8091],[-43.833,-22.7938],[-43.8325,-22.7297],[-43.7851,-22.6927],[-43.753,-22.7001]]]]},"properties":{"tipo":"municipio","municipio":{"id":3302007,"nome":"Itaguaí"},"microrregiao":{"id":33017,"nome":"Itaguaí"},"mesorregiao":{"id":3306,"nome":"Metropolitana do Rio de Janeiro"},"uf":{"id":33,"nome":"Rio de Janeiro","sigla":"RJ"},"regiao":{"id":3,"nome":"Sudeste","sigla":"SE"},"centroide":{"x":-43.8172,"y":-22.8308},"inner":{"x":-43.8262,"y":-22.8502}}},{"type":"Feature","geometry":{"type":"Polygon","coordinates":[[[-41.7427,-21.4643],[-41.71,-21.4563],[-41.7812,-21.4005],[-41.668,-21.3458],[-41.6255,-21.3401],[-41.5851,-21.3174],[-41.5511,-21.429],[-41.5933,-21.4688],[-41.657,-21.4791],[-41.627,-21.5957],[-41.6795,-21.5163],[-41.7427,-21.4643]]]},"properties":{"tipo":"municipio","municipio":{"id":3302056,"nome":"Italva"},"microrregiao":{"id":33001,"nome":"Itaperuna"},"mesorregiao":{"id":3301,"nome":"Noroeste Fluminense"},"uf":{"id":33,"nome":"Rio de Janeiro","sigla":"RJ"},"regiao":{"id":3,"nome":"Sudeste","sigla":"SE"},"centroide":{"x":-41.6538,"y":-21.4238},"inner":{"x":-41.6538,"y":-21.4174}}},{"type":"Feature","geometry":{"type":"Polygon","coordinates":[[[-42.1844,-21.6815],[-42.138,-21.7048],[-42.075,-21.6584],[-42.0568,-21.6368],[-42.0099,-21.64],[-41.9367,-21.5968],[-41.9373,-21.7413],[-41.9489,-21.7305],[-41.9957,-21.7375],[-42.0213,-21.7532],[-42.0622,-21.7998],[-42.0884,-21.8017],[-42.1672,-21.8592],[-42.2064,-21.7837],[-42.2378,-21.6978],[-42.1844,-21.6815]]]},"properties":{"tipo":"municipio","municipio":{"id":3302106,"nome":"Itaocara"},"microrregiao":{"id":33002,"nome":"Santo Antônio de Pádua"},"mesorregiao":{"id":3301,"nome":"Noroeste Fluminense"},"uf":{"id":33,"nome":"Rio de Janeiro","sigla":"RJ"},"regiao":{"id":3,"nome":"Sudeste","sigla":"SE"},"centroide":{"x":-42.0824,"y":-21.7269},"inner":{"x":-42.0721,"y":-21.7276}}},{"type":"Feature","geometry":{"type":"Polygon","coordinates":[[[-41.8391,-21.0816],[-41.7992,-21.1243],[-41.8022,-21.1441],[-41.7295,-21.1684],[-41.6857,-21.2492],[-41.642,-21.245],[-41.5851,-21.3174],[-41.6255,-21.3401],[-41.668,-21.3458],[-41.7812,-21.4005],[-41.7787,-21.3901],[-41.816,-21.3275],[-41.8394,-21.2883],[-41.8591,-21.3032],[-41.9177,-21.2952],[-41.9305,-21.3112],[-41.985,-21.3129],[-42.0346,-21.3434],[-42.0729,-21.3559],[-42.093,-21.3448],[-42.0765,-21.325],[-42.0763,-21.2793],[-42.0352,-21.2383],[-42.0472,-21.1822],[-42.0802,-21.1773],[-42.1203,-21.1955],[-42.1508,-21.1613],[-42.1725,-21.1766],[-42.1953,-21.1603],[-42.1637,-21.1007],[-42.1397,-21.1029],[-42.0949,-21.0372],[-42.0801,-21.0302],[-42.0536,-21.0389],[-42.019,-21.0831],[-42.0361,-21.113],[-41.9749,-21.1303],[-41.9431,-21.1521],[-41.8997,-21.1355],[-41.8703,-21.1009],[-41.8391,-21.0816]]]},"properties":{"tipo":"municipio","municipio":{"id":3302205,"nome":"Itaperuna"},"microrregiao":{"id":33001,"nome":"Itaperuna"},"mesorregiao":{"id":3301,"nome":"Noroeste Fluminense"},"uf":{"id":33,"nome":"Rio de Janeiro","sigla":"RJ"},"regiao":{"id":3,"nome":"Sudeste","sigla":"SE"},"centroide":{"x":-41.8942,"y":-21.225},"inner":{"x":-41.8734,"y":-21.2172}}},{"type":"Feature","geometry":{"type":"Polygon","coordinates":[[[-44.5437,-22.3323],[-44.5493,-22.3575],[-44.5885,-22.3622],[-44.5969,-22.3982],[-44.487,-22.436],[-44.4801,-22.458],[-44.577,-22.5169],[-44.586,-22.5605],[-44.6162,-22.5564],[-44.6207,-22.5089],[-44.6566,-22.4818],[-44.6374,-22.4332],[-44.6619,-22.3805],[-44.6277,-22.3447],[-44.5926,-22.3229],[-44.5437,-22.3323]]]},"properties":{"tipo":"municipio","municipio":{"id":3302254,"nome":"Itatiaia"},"microrregiao":{"id":33011,"nome":"Vale do Paraíba Fluminense"},"mesorregiao":{"id":3305,"nome":"Sul Fluminense"},"uf":{"id":33,"nome":"Rio de Janeiro","sigla":"RJ"},"regiao":{"id":3,"nome":"Sudeste","sigla":"SE"},"centroide":{"x":-44.5878,"y":-22.4417},"inner":{"x":-44.5892,"y":-22.4564}}},{"type":"Feature","geometry":{"type":"Polygon","coordinates":[[[-43.5554,-22.6797],[-43.61,-22.6927],[-43.6387,-22.7204],[-43.6708,-22.6529],[-43.6606,-22.6196],[-43.6227,-22.6422],[-43.5932,-22.6199],[-43.568,-22.6237],[-43.5427,-22.668],[-43.5554,-22.6797]]]},"properties":{"tipo":"municipio","municipio":{"id":3302270,"nome":"Japeri"},"microrregiao":{"id":33018,"nome":"Rio de Janeiro"},"mesorregiao":{"id":3306,"nome":"Metropolitana do Rio de Janeiro"},"uf":{"id":33,"nome":"Rio de Janeiro","sigla":"RJ"},"regiao":{"id":3,"nome":"Sudeste","sigla":"SE"},"centroide":{"x":-43.6058,"y":-22.6619},"inner":{"x":-43.6047,"y":-22.661}}},{"type":"Feature","geometry":{"type":"Polygon","coordinates":[[[-42.1953,-21.1603],[-42.1725,-21.1766],[-42.1508,-21.1613],[-42.1203,-21.1955],[-42.0802,-21.1773],[-42.0472,-21.1822],[-42.0352,-21.2383],[-42.0763,-21.2793],[-42.0765,-21.325],[-42.093,-21.3448],[-42.1432,-21.3061],[-42.1965,-21.3151],[-42.2242,-21.3378],[-42.2378,-21.318],[-42.2287,-21.2825],[-42.1897,-21.2505],[-42.2083,-21.179],[-42.1953,-21.1603]]]},"properties":{"tipo":"municipio","municipio":{"id":3302304,"nome":"Laje do Muriaé"},"microrregiao":{"id":33001,"nome":"Itaperuna"},"mesorregiao":{"id":3301,"nome":"Noroeste Fluminense"},"uf":{"id":33,"nome":"Rio de Janeiro","sigla":"RJ"},"regiao":{"id":3,"nome":"Sudeste","sigla":"SE"},"centroide":{"x":-42.1351,"y":-21.2501},"inner":{"x":-42.1367,"y":-21.2573}}},{"type":"Feature","geometry":{"type":"Polygon","coordinates":[[[-41.7711,-22.1809],[-41.7057,-22.2576],[-41.689,-22.3001],[-41.7738,-22.3645],[-41.7701,-22.3893],[-41.8177,-22.417],[-41.8787,-22.4181],[-41.9069,-22.4],[-41.9636,-22.3881],[-41.9956,-22.3998],[-42.0238,-22.3879],[-42.0635,-22.4228],[-42.1237,-22.4055],[-42.1633,-22.428],[-42.201,-22.4305],[-42.2193,-22.4056],[-42.2053,-22.3691],[-42.2162,-22.3411],[-42.2511,-22.3068],[-42.2275,-22.2747],[-42.1714,-22.2251],[-42.0929,-22.2011],[-42.0884,-22.1697],[-42.0272,-22.1575],[-41.9717,-22.1318],[-41.9715,-22.1485],[-41.9187,-22.1633],[-41.9013,-22.1905],[-41.9175,-22.2118],[-41.8867,-22.2689],[-41.8597,-22.2696],[-41.8401,-22.199],[-41.8194,-22.1862],[-41.8247,-22.146],[-41.7711,-22.1809]]]},"properties":{"tipo":"municipio","municipio":{"id":3302403,"nome":"Macaé"},"microrregiao":{"id":33004,"nome":"Macaé"},"mesorregiao":{"id":3302,"nome":"Norte Fluminense"},"uf":{"id":33,"nome":"Rio de Janeiro","sigla":"RJ"},"regiao":{"id":3,"nome":"Sudeste","sigla":"SE"},"centroide":{"x":-41.9776,"y":-22.2956},"inner":{"x":-42.0059,"y":-22.2819}}},{"type":"Feature","geometry":{"type":"Polygon","coordinates":[[[-42.318,-21.9968],[-42.2995,-21.9743],[-42.2573,-21.9898],[-42.243,-21.9729],[-42.2194,-22.0097],[-42.27,-22.0687],[-42.2693,-22.0892],[-42.3029,-22.0805],[-42.3011,-22.0505],[-42.318,-21.9968]]]},"properties":{"tipo":"municipio","municipio":{"id":3302452,"nome":"Macuco"},"microrregiao":{"id":33006,"nome":"Cantagalo-Cordeiro"},"mesorregiao":{"id":3303,"nome":"Centro Fluminense"},"uf":{"id":33,"nome":"Rio de Janeiro","sigla":"RJ"},"regiao":{"id":3,"nome":"Sudeste","sigla":"SE"},"centroide":{"x":-42.2736,"y":-22.0242},"inner":{"x":-42.2743,"y":-22.016}}},{"type":"Feature","geometry":{"type":"Polygon","coordinates":[[[-43.2146,-22.7277],[-43.2177,-22.653],[-43.1944,-22.6227],[-43.225,-22.5636],[-43.1826,-22.5532],[-43.0787,-22.5129],[-43.0623,-22.4846],[-43.0355,-22.4933],[-43.0179,-22.5263],[-43.0096,-22.6361],[-43.0388,-22.6928],[-43.0855,-22.6805],[-43.1235,-22.7136],[-43.1624,-22.7124],[-43.2146,-22.7277]]]},"properties":{"tipo":"municipio","municipio":{"id":3302502,"nome":"Magé"},"microrregiao":{"id":33018,"nome":"Rio de Janeiro"},"mesorregiao":{"id":3306,"nome":"Metropolitana do Rio de Janeiro"},"uf":{"id":33,"nome":"Rio de Janeiro","sigla":"RJ"},"regiao":{"id":3,"nome":"Sudeste","sigla":"SE"},"centroide":{"x":-43.1131,"y":-22.6133},"inner":{"x":-43.1152,"y":-22.6086}}},{"type":"Feature","geometry":{"type":"MultiPolygon","coordinates":[[[[-44.1657,-23.034],[-44.1633,-23.0082],[-44.1926,-22.9289],[-44.1119,-22.8646],[-44.0885,-22.8836],[-44.0449,-22.8831],[-43.9902,-22.8438],[-43.9649,-22.8864],[-43.939,-22.8812],[-43.8856,-22.8856],[-43.8805,-22.9166],[-43.9109,-22.9311],[-43.95,-22.9269],[-44.0067,-22.9429],[-44.0302,-22.9644],[-44.0486,-22.9416],[-44.0743,-22.9522],[-44.0824,-22.993],[-44.1303,-23.0325],[-44.1657,-23.034]]],[[[-43.8647,-23.0446],[-43.8591,-23.0722],[-43.9663,-23.0909],[-44.0083,-23.0934],[-43.9743,-23.0456],[-43.8946,-23.0688],[-43.8647,-23.0446]]]]},"properties":{"tipo":"municipio","municipio":{"id":3302601,"nome":"Mangaratiba"},"microrregiao":{"id":33017,"nome":"Itaguaí"},"mesorregiao":{"id":3306,"nome":"Metropolitana do Rio de Janeiro"},"uf":{"id":33,"nome":"Rio de Janeiro","sigla":"RJ"},"regiao":{"id":3,"nome":"Sudeste","sigla":"SE"},"centroide":{"x":-44.0643,"y":-22.9309},"inner":{"x":-44.1163,"y":-22.9283}}},{"type":"Feature","geometry":{"type":"Polygon","coordinates":[[[-42.886,-22.8676],[-42.8614,-22.8766],[-42.7673,-22.8427],[-42.7336,-22.8408],[-42.7162,-22.8537],[-42.6599,-22.859],[-42.679,-22.8961],[-42.6342,-22.9197],[-42.6412,-22.9377],[-42.6758,-22.9444],[-42.6899,-22.9621],[-42.7313,-22.9565],[-42.8861,-22.968],[-42.9137,-22.9748],[-42.9672,-22.9703],[-43.0137,-22.9768],[-42.9568,-22.9008],[-42.886,-22.8676]]]},"properties":{"tipo":"municipio","municipio":{"id":3302700,"nome":"Maricá"},"microrregiao":{"id":33018,"nome":"Rio de Janeiro"},"mesorregiao":{"id":3306,"nome":"Metropolitana do Rio de Janeiro"},"uf":{"id":33,"nome":"Rio de Janeiro","sigla":"RJ"},"regiao":{"id":3,"nome":"Sudeste","sigla":"SE"},"centroide":{"x":-42.8169,"y":-22.9153},"inner":{"x":-42.7779,"y":-22.9035}}},{"type":"Feature","geometry":{"type":"Polygon","coordinates":[[[-43.7976,-22.5519],[-43.7699,-22.518],[-43.7548,-22.4599],[-43.7338,-22.4824],[-43.7151,-22.455],[-43.6884,-22.463],[-43.7002,-22.5373],[-43.7115,-22.5495],[-43.7722,-22.6059],[-43.7763,-22.567],[-43.7976,-22.5519]]]},"properties":{"tipo":"municipio","municipio":{"id":3302809,"nome":"Mendes"},"microrregiao":{"id":33014,"nome":"Vassouras"},"mesorregiao":{"id":3306,"nome":"Metropolitana do Rio de Janeiro"},"uf":{"id":33,"nome":"Rio de Janeiro","sigla":"RJ"},"regiao":{"id":3,"nome":"Sudeste","sigla":"SE"},"centroide":{"x":-43.7398,"y":-22.5215},"inner":{"x":-43.7345,"y":-22.5208}}},{"type":"Feature","geometry":{"type":"Polygon","coordinates":[[[-43.4107,-22.7681],[-43.3971,-22.7776],[-43.4107,-22.7917],[-43.4692,-22.8404],[-43.4901,-22.8155],[-43.4916,-22.8022],[-43.4323,-22.766],[-43.4107,-22.7681]]]},"properties":{"tipo":"municipio","municipio":{"id":3302858,"nome":"Mesquita"},"microrregiao":{"id":33018,"nome":"Rio de Janeiro"},"mesorregiao":{"id":3306,"nome":"Metropolitana do Rio de Janeiro"},"uf":{"id":33,"nome":"Rio de Janeiro","sigla":"RJ"},"regiao":{"id":3,"nome":"Sudeste","sigla":"SE"},"centroide":{"x":-43.4526,"y":-22.7995},"inner":{"x":-43.4665,"y":-22.8104}}},{"type":"Feature","geometry":{"type":"Polygon","coordinates":[[[-43.2964,-22.4757],[-43.3308,-22.5182],[-43.4014,-22.5334],[-43.4458,-22.526],[-43.4983,-22.5544],[-43.5856,-22.5831],[-43.6288,-22.6257],[-43.6227,-22.6422],[-43.6606,-22.6196],[-43.5974,-22.5681],[-43.5618,-22.5001],[-43.5397,-22.4511],[-43.4915,-22.42],[-43.4428,-22.4431],[-43.4369,-22.4746],[-43.3703,-22.4517],[-43.3203,-22.459],[-43.2964,-22.4757]]]},"properties":{"tipo":"municipio","municipio":{"id":3302908,"nome":"Miguel Pereira"},"microrregiao":{"id":33014,"nome":"Vassouras"},"mesorregiao":{"id":3306,"nome":"Metropolitana do Rio de Janeiro"},"uf":{"id":33,"nome":"Rio de Janeiro","sigla":"RJ"},"regiao":{"id":3,"nome":"Sudeste","sigla":"SE"},"centroide":{"x":-43.4692,"y":-22.5065},"inner":{"x":-43.4877,"y":-22.4857}}},{"type":"Feature","geometry":{"type":"Polygon","coordinates":[[[-42.093,-21.3448],[-42.0729,-21.3559],[-42.0346,-21.3434],[-42.0283,-21.378],[-42.0581,-21.4338],[-42.1,-21.4513],[-42.1241,-21.4738],[-42.2023,-21.4686],[-42.2754,-21.4275],[-42.2782,-21.414],[-42.23,-21.3665],[-42.2242,-21.3378],[-42.1965,-21.3151],[-42.1432,-21.3061],[-42.093,-21.3448]]]},"properties":{"tipo":"municipio","municipio":{"id":3303005,"nome":"Miracema"},"microrregiao":{"id":33002,"nome":"Santo Antônio de Pádua"},"mesorregiao":{"id":3301,"nome":"Noroeste Fluminense"},"uf":{"id":33,"nome":"Rio de Janeiro","sigla":"RJ"},"regiao":{"id":3,"nome":"Sudeste","sigla":"SE"},"centroide":{"x":-42.1522,"y":-21.3956},"inner":{"x":-42.1623,"y":-21.3943}}},{"type":"Feature","geometry":{"type":"Polygon","coordinates":[[[-41.801,-20.9871],[-41.807,-21.0089],[-41.8505,-21.0619],[-41.8391,-21.0816],[-41.8703,-21.1009],[-41.8997,-21.1355],[-41.9431,-21.1521],[-41.9749,-21.1303],[-42.0361,-21.113],[-42.019,-21.0831],[-42.0536,-21.0389],[-42.0801,-21.0302],[-42.0848,-21.023],[-42.0698,-21.0271],[-42.0019,-21.0114],[-41.9988,-20.9659],[-41.9547,-20.9574],[-41.9118,-20.9289],[-41.9181,-20.9464],[-41.8919,-20.9738],[-41.8581,-20.9549],[-41.8225,-20.9532],[-41.801,-20.9871]]]},"properties":{"tipo":"municipio","municipio":{"id":3303104,"nome":"Natividade"},"microrregiao":{"id":33001,"nome":"Itaperuna"},"mesorregiao":{"id":3301,"nome":"Noroeste Fluminense"},"uf":{"id":33,"nome":"Rio de Janeiro","sigla":"RJ"},"regiao":{"id":3,"nome":"Sudeste","sigla":"SE"},"centroide":{"x":-41.9313,"y":-21.0416},"inner":{"x":-41.9291,"y":-21.0453}}},{"type":"Feature","geometry":{"type":"Polygon","coordinates":[[[-43.4692,-22.8404],[-43.4107,-22.7917],[-43.3906,-22.8138],[-43.4312,-22.8393],[-43.4692,-22.8404]]]},"properties":{"tipo":"municipio","municipio":{"id":3303203,"nome":"Nilópolis"},"microrregiao":{"id":33018,"nome":"Rio de Janeiro"},"mesorregiao":{"id":3306,"nome":"Metropolitana do Rio de Janeiro"},"uf":{"id":33,"nome":"Rio de Janeiro","sigla":"RJ"},"regiao":{"id":3,"nome":"Sudeste","sigla":"SE"},"centroide":{"x":-43.429,"y":-22.8211},"inner":{"x":-43.4295,"y":-22.8212}}},{"type":"Feature","geometry":{"type":"Polygon","coordinates":[[[-42.9568,-22.9008],[-43.0137,-22.9768],[-43.0761,-22.9562],[-43.1105,-22.9536],[-43.0961,-22.9154],[-43.1347,-22.8815],[-43.1034,-22.8559],[-42.9568,-22.9008]]]},"properties":{"tipo":"municipio","municipio":{"id":3303302,"nome":"Niterói"},"microrregiao":{"id":33018,"nome":"Rio de Janeiro"},"mesorregiao":{"id":3306,"nome":"Metropolitana do Rio de Janeiro"},"uf":{"id":33,"nome":"Rio de Janeiro","sigla":"RJ"},"regiao":{"id":3,"nome":"Sudeste","sigla":"SE"},"centroide":{"x":-43.0549,"y":-22.9152},"inner":{"x":-43.0486,"y":-22.9193}}},{"type":"Feature","geometry":{"type":"Polygon","coordinates":[[[-42.5221,-22.1599],[-42.472,-22.2111],[-42.4741,-22.2243],[-42.3586,-22.3017],[-42.2875,-22.2922],[-42.2511,-22.3068],[-42.2162,-22.3411],[-42.2053,-22.3691],[-42.2399,-22.3615],[-42.2776,-22.4017],[-42.3149,-22.4246],[-42.387,-22.4218],[-42.4814,-22.4416],[-42.5119,-22.4348],[-42.5506,-22.4558],[-42.5523,-22.3782],[-42.5846,-22.3553],[-42.6345,-22.3933],[-42.6837,-22.3931],[-42.7276,-22.3556],[-42.714,-22.2661],[-42.6759,-22.2398],[-42.6685,-22.2203],[-42.6118,-22.1964],[-42.5575,-22.1636],[-42.5221,-22.1599]]]},"properties":{"tipo":"municipio","municipio":{"id":3303401,"nome":"Nova Friburgo"},"microrregiao":{"id":33007,"nome":"Nova Friburgo"},"mesorregiao":{"id":3303,"nome":"Centro Fluminense"},"uf":{"id":33,"nome":"Rio de Janeiro","sigla":"RJ"},"regiao":{"id":3,"nome":"Sudeste","sigla":"SE"},"centroide":{"x":-42.501,"y":-22.3191},"inner":{"x":-42.4833,"y":-22.3213}}},{"type":"Feature","geometry":{"type":"Polygon","coordinates":[[[-43.3654,-22.6851],[-43.4246,-22.704],[-43.4341,-22.7245],[-43.4107,-22.7681],[-43.4323,-22.766],[-43.4916,-22.8022],[-43.4901,-22.8155],[-43.5885,-22.8387],[-43.5963,-22.8578],[-43.6735,-22.864],[-43.6231,-22.8266],[-43.6348,-22.7833],[-43.6139,-22.7493],[-43.5603,-22.7578],[-43.5352,-22.7514],[-43.5425,-22.7149],[-43.5211,-22.6943],[-43.5554,-22.6797],[-43.5427,-22.668],[-43.568,-22.6237],[-43.5932,-22.6199],[-43.6227,-22.6422],[-43.6288,-22.6257],[-43.5856,-22.5831],[-43.4983,-22.5544],[-43.4458,-22.526],[-43.4014,-22.5334],[-43.3874,-22.5751],[-43.4167,-22.5955],[-43.3819,-22.6298],[-43.4015,-22.6521],[-43.3654,-22.6851]]]},"properties":{"tipo":"municipio","municipio":{"id":3303500,"nome":"Nova Iguaçu"},"microrregiao":{"id":33018,"nome":"Rio de Janeiro"},"mesorregiao":{"id":3306,"nome":"Metropolitana do Rio de Janeiro"},"uf":{"id":33,"nome":"Rio de Janeiro","sigla":"RJ"},"regiao":{"id":3,"nome":"Sudeste","sigla":"SE"},"centroide":{"x":-43.5019,"y":-22.6868},"inner":{"x":-43.4738,"y":-22.6362}}},{"type":"Feature","geometry":{"type":"Polygon","coordinates":[[[-43.7115,-22.5495],[-43.6748,-22.5673],[-43.6647,-22.5485],[-43.6236,-22.5393],[-43.5974,-22.5681],[-43.6606,-22.6196],[-43.6708,-22.6529],[-43.7037,-22.6448],[-43.753,-22.7001],[-43.7851,-22.6927],[-43.8199,-22.6797],[-43.8406,-22.6488],[-43.7722,-22.6059],[-43.7115,-22.5495]]]},"properties":{"tipo":"municipio","municipio":{"id":3303609,"nome":"Paracambi"},"microrregiao":{"id":33014,"nome":"Vassouras"},"mesorregiao":{"id":3306,"nome":"Metropolitana do Rio de Janeiro"},"uf":{"id":33,"nome":"Rio de Janeiro","sigla":"RJ"},"regiao":{"id":3,"nome":"Sudeste","sigla":"SE"},"centroide":{"x":-43.7215,"y":-22.6179},"inner":{"x":-43.7197,"y":-22.6055}}},{"type":"Feature","geometry":{"type":"Polygon","coordinates":[[[-43.1596,-22.1929],[-43.1817,-22.3011],[-43.2479,-22.3115],[-43.2887,-22.3707],[-43.3254,-22.2787],[-43.4004,-22.2163],[-43.437,-22.06],[-43.3467,-22.0038],[-43.3461,-22.056],[-43.2733,-22.0762],[-43.2588,-22.1033],[-43.2007,-22.1773],[-43.1984,-22.2007],[-43.1596,-22.1929]]]},"properties":{"tipo":"municipio","municipio":{"id":3303708,"nome":"Paraíba do Sul"},"microrregiao":{"id":33005,"nome":"Três Rios"},"mesorregiao":{"id":3303,"nome":"Centro Fluminense"},"uf":{"id":33,"nome":"Rio de Janeiro","sigla":"RJ"},"regiao":{"id":3,"nome":"Sudeste","sigla":"SE"},"centroide":{"x":-43.3043,"y":-22.182},"inner":{"x":-43.3064,"y":-22.1829}}},{"type":"Feature","geometry":{"type":"Polygon","coordinates":[[[-44.6387,-22.9142],[-44.6216,-22.9384],[-44.5642,-22.9551],[-44.5445,-22.9809],[-44.5469,-23.0156],[-44.5211,-23.0276],[-44.5778,-23.0538],[-44.6163,-23.0443],[-44.6753,-23.0604],[-44.6906,-23.0829],[-44.6958,-23.1518],[-44.7216,-23.2021],[-44.6952,-23.2324],[-44.6542,-23.1909],[-44.6266,-23.1968],[-44.6669,-23.2354],[-44.6311,-23.2405],[-44.5675,-23.2365],[-44.5799,-23.2716],[-44.5188,-23.2811],[-44.5563,-23.3055],[-44.5619,-23.331],[-44.5995,-23.3599],[-44.6395,-23.3313],[-44.6846,-23.3478],[-44.7007,-23.3404],[-44.7415,-23.3589],[-44.7777,-23.3377],[-44.7874,-23.2991],[-44.8247,-23.2916],[-44.828,-23.2706],[-44.8893,-23.2266],[-44.8747,-23.1847],[-44.8244,-23.1627],[-44.8106,-23.1148],[-44.8188,-23.0915],[-44.8022,-23.0488],[-44.7919,-22.9819],[-44.7648,-22.9833],[-44.7435,-22.947],[-44.7136,-22.93],[-44.6872,-22.9325],[-44.6387,-22.9142]]]},"properties":{"tipo":"municipio","municipio":{"id":3303807,"nome":"Paraty"},"microrregiao":{"id":33013,"nome":"Baía da Ilha Grande"},"mesorregiao":{"id":3305,"nome":"Sul Fluminense"},"uf":{"id":33,"nome":"Rio de Janeiro","sigla":"RJ"},"regiao":{"id":3,"nome":"Sudeste","sigla":"SE"},"centroide":{"x":-44.7069,"y":-23.1482},"inner":{"x":-44.7582,"y":-23.1357}}},{"type":"Feature","geometry":{"type":"Polygon","coordinates":[[[-43.3703,-22.4517],[-43.4369,-22.4746],[-43.4428,-22.4431],[-43.4915,-22.42],[-43.5078,-22.4016],[-43.4878,-22.3732],[-43.507,-22.3321],[-43.5036,-22.3112],[-43.3254,-22.2787],[-43.2887,-22.3707],[-43.3181,-22.384],[-43.338,-22.4147],[-43.361,-22.4196],[-43.3703,-22.4517]]]},"properties":{"tipo":"municipio","municipio":{"id":3303856,"nome":"Paty do Alferes"},"microrregiao":{"id":33014,"nome":"Vassouras"},"mesorregiao":{"id":3306,"nome":"Metropolitana do Rio de Janeiro"},"uf":{"id":33,"nome":"Rio de Janeiro","sigla":"RJ"},"regiao":{"id":3,"nome":"Sudeste","sigla":"SE"},"centroide":{"x":-43.404,"y":-22.367},"inner":{"x":-43.4129,"y":-22.3694}}},{"type":"Feature","geometry":{"type":"Polygon","coordinates":[[[-43.1817,-22.3011],[-43.1455,-22.304],[-43.127,-22.2759],[-43.1063,-22.2815],[-43.0938,-22.2423],[-43.0478,-22.2086],[-43.029,-22.2026],[-42.9981,-22.2259],[-42.9806,-22.2647],[-43.0364,-22.3084],[-43.0229,-22.3558],[-43.0329,-22.4328],[-43.0288,-22.4613],[-43.0623,-22.4846],[-43.0787,-22.5129],[-43.1826,-22.5532],[-43.225,-22.5636],[-43.2607,-22.5554],[-43.2385,-22.5115],[-43.2964,-22.4757],[-43.3203,-22.459],[-43.3703,-22.4517],[-43.361,-22.4196],[-43.338,-22.4147],[-43.3181,-22.384],[-43.2887,-22.3707],[-43.2479,-22.3115],[-43.1817,-22.3011]]]},"properties":{"tipo":"municipio","municipio":{"id":3303906,"nome":"Petrópolis"},"microrregiao":{"id":33015,"nome":"Serrana"},"mesorregiao":{"id":3306,"nome":"Metropolitana do Rio de Janeiro"},"uf":{"id":33,"nome":"Rio de Janeiro","sigla":"RJ"},"regiao":{"id":3,"nome":"Sudeste","sigla":"SE"},"centroide":{"x":-43.1568,"y":-22.398},"inner":{"x":-43.1704,"y":-22.4209}}},{"type":"Feature","geometry":{"type":"Polygon","coordinates":[[[-44.0306,-22.4971],[-44.0019,-22.5113],[-43.9135,-22.5208],[-43.9547,-22.5685],[-44.0147,-22.5863],[-44.0685,-22.5924],[-44.0542,-22.5503],[-44.0382,-22.5486],[-44.0306,-22.4971]]]},"properties":{"tipo":"municipio","municipio":{"id":3303955,"nome":"Pinheiral"},"microrregiao":{"id":33011,"nome":"Vale do Paraíba Fluminense"},"mesorregiao":{"id":3305,"nome":"Sul Fluminense"},"uf":{"id":33,"nome":"Rio de Janeiro","sigla":"RJ"},"regiao":{"id":3,"nome":"Sudeste","sigla":"SE"},"centroide":{"x":-43.9975,"y":-22.5433},"inner":{"x":-44.0093,"y":-22.5437}}},{"type":"Feature","geometry":{"type":"Polygon","coordinates":[[[-43.9135,-22.5208],[-43.8686,-22.5286],[-43.8113,-22.5132],[-43.8194,-22.546],[-43.7976,-22.5519],[-43.7763,-22.567],[-43.7722,-22.6059],[-43.8406,-22.6488],[-43.8199,-22.6797],[-43.7851,-22.6927],[-43.8325,-22.7297],[-43.833,-22.7938],[-43.8738,-22.8091],[-43.8913,-22.7908],[-43.9002,-22.7523],[-43.8792,-22.7142],[-43.9362,-22.7109],[-43.9574,-22.6819],[-44.017,-22.6404],[-44.0863,-22.6406],[-44.0685,-22.5924],[-44.0147,-22.5863],[-43.9547,-22.5685],[-43.9135,-22.5208]]]},"properties":{"tipo":"municipio","municipio":{"id":3304003,"nome":"Piraí"},"microrregiao":{"id":33011,"nome":"Vale do Paraíba Fluminense"},"mesorregiao":{"id":3305,"nome":"Sul Fluminense"},"uf":{"id":33,"nome":"Rio de Janeiro","sigla":"RJ"},"regiao":{"id":3,"nome":"Sudeste","sigla":"SE"},"centroide":{"x":-43.9017,"y":-22.6336},"inner":{"x":-43.9041,"y":-22.623}}},{"type":"Feature","geometry":{"type":"Polygon","coordinates":[[[-41.9118,-20.9289],[-41.9547,-20.9574],[-41.9988,-20.9659],[-42.0019,-21.0114],[-42.0698,-21.0271],[-42.0848,-21.023],[-42.141,-20.993],[-42.138,-20.96],[-42.0385,-20.9275],[-41.9786,-20.9349],[-41.9602,-20.883],[-41.9267,-20.8388],[-41.9287,-20.7955],[-41.905,-20.7974],[-41.8747,-20.7659],[-41.852,-20.764],[-41.817,-20.8013],[-41.7752,-20.7999],[-41.8295,-20.8447],[-41.8698,-20.8606],[-41.8995,-20.8558],[-41.9118,-20.9289]]]},"properties":{"tipo":"municipio","municipio":{"id":3304102,"nome":"Porciúncula"},"microrregiao":{"id":33001,"nome":"Itaperuna"},"mesorregiao":{"id":3301,"nome":"Noroeste Fluminense"},"uf":{"id":33,"nome":"Rio de Janeiro","sigla":"RJ"},"regiao":{"id":3,"nome":"Sudeste","sigla":"SE"},"centroide":{"x":-41.9696,"y":-20.9066},"inner":{"x":-42.0475,"y":-20.9774}}},{"type":"Feature","geometry":{"type":"Polygon","coordinates":[[[-44.301,-22.4494],[-44.3321,-22.4938],[-44.3734,-22.461],[-44.3137,-22.4021],[-44.2757,-22.404],[-44.301,-22.4494]]]},"properties":{"tipo":"municipio","municipio":{"id":3304110,"nome":"Porto Real"},"microrregiao":{"id":33011,"nome":"Vale do Paraíba Fluminense"},"mesorregiao":{"id":3305,"nome":"Sul Fluminense"},"uf":{"id":33,"nome":"Rio de Janeiro","sigla":"RJ"},"regiao":{"id":3,"nome":"Sudeste","sigla":"SE"},"centroide":{"x":-44.326,"y":-22.4411},"inner":{"x":-44.3294,"y":-22.4415}}},{"type":"Feature","geometry":{"type":"Polygon","coordinates":[[[-44.1481,-22.3314],[-44.156,-22.3726],[-44.2076,-22.3868],[-44.2247,-22.4543],[-44.2227,-22.4779],[-44.2528,-22.4852],[-44.301,-22.4494],[-44.2757,-22.404],[-44.3137,-22.4021],[-44.3395,-22.3819],[-44.3206,-22.3358],[-44.2726,-22.3203],[-44.2599,-22.268],[-44.2368,-22.2658],[-44.1892,-22.2404],[-44.1558,-22.2571],[-44.1481,-22.3314]]]},"properties":{"tipo":"municipio","municipio":{"id":3304128,"nome":"Quatis"},"microrregiao":{"id":33011,"nome":"Vale do Paraíba Fluminense"},"mesorregiao":{"id":3305,"nome":"Sul Fluminense"},"uf":{"id":33,"nome":"Rio de Janeiro","sigla":"RJ"},"regiao":{"id":3,"nome":"Sudeste","sigla":"SE"},"centroide":{"x":-44.2371,"y":-22.3552},"inner":{"x":-44.2468,"y":-22.3642}}},{"type":"Feature","geometry":{"type":"Polygon","coordinates":[[[-43.6387,-22.7204],[-43.61,-22.6927],[-43.5554,-22.6797],[-43.5211,-22.6943],[-43.5425,-22.7149],[-43.5352,-22.7514],[-43.5603,-22.7578],[-43.6139,-22.7493],[-43.6348,-22.7833],[-43.6387,-22.7204]]]},"properties":{"tipo":"municipio","municipio":{"id":3304144,"nome":"Queimados"},"microrregiao":{"id":33018,"nome":"Rio de Janeiro"},"mesorregiao":{"id":3306,"nome":"Metropolitana do Rio de Janeiro"},"uf":{"id":33,"nome":"Rio de Janeiro","sigla":"RJ"},"regiao":{"id":3,"nome":"Sudeste","sigla":"SE"},"centroide":{"x":-43.585,"y":-22.7253},"inner":{"x":-43.584,"y":-22.7233}}},{"type":"Feature","geometry":{"type":"Polygon","coordinates":[[[-41.6597,-22.0558],[-41.6178,-22.046],[-41.5513,-22.0555],[-41.5132,-22.0147],[-41.4376,-21.9866],[-41.2777,-22.0653],[-41.2573,-22.099],[-41.1338,-22.0955],[-41.1979,-22.1299],[-41.267,-22.1541],[-41.4551,-22.2036],[-41.5425,-22.2345],[-41.5399,-22.1977],[-41.5542,-22.1586],[-41.5741,-22.1384],[-41.6937,-22.1083],[-41.6597,-22.0558]]]},"properties":{"tipo":"municipio","municipio":{"id":3304151,"nome":"Quissamã"},"microrregiao":{"id":33004,"nome":"Macaé"},"mesorregiao":{"id":3302,"nome":"Norte Fluminense"},"uf":{"id":33,"nome":"Rio de Janeiro","sigla":"RJ"},"regiao":{"id":3,"nome":"Sudeste","sigla":"SE"},"centroide":{"x":-41.4409,"y":-22.1051},"inner":{"x":-41.4449,"y":-22.095}}},{"type":"Feature","geometry":{"type":"Polygon","coordinates":[[[-44.3321,-22.4938],[-44.3208,-22.5503],[-44.3421,-22.5893],[-44.3824,-22.5735],[-44.4058,-22.5991],[-44.4802,-22.6114],[-44.5107,-22.6401],[-44.546,-22.607],[-44.584,-22.6242],[-44.5968,-22.6102],[-44.6436,-22.5996],[-44.6444,-22.5556],[-44.6679,-22.5541],[-44.6814,-22.5253],[-44.7117,-22.514],[-44.7192,-22.4634],[-44.7414,-22.4248],[-44.7947,-22.4089],[-44.7929,-22.3869],[-44.7296,-22.3608],[-44.6619,-22.3805],[-44.6374,-22.4332],[-44.6566,-22.4818],[-44.6207,-22.5089],[-44.6162,-22.5564],[-44.586,-22.5605],[-44.577,-22.5169],[-44.4801,-22.458],[-44.487,-22.436],[-44.5969,-22.3982],[-44.5885,-22.3622],[-44.5493,-22.3575],[-44.5437,-22.3323],[-44.4969,-22.3037],[-44.4332,-22.2514],[-44.3948,-22.2589],[-44.3599,-22.2524],[-44.3172,-22.2595],[-44.2915,-22.2431],[-44.2599,-22.268],[-44.2726,-22.3203],[-44.3206,-22.3358],[-44.3395,-22.3819],[-44.3137,-22.4021],[-44.3734,-22.461],[-44.3321,-22.4938]]]},"properties":{"tipo":"municipio","municipio":{"id":3304201,"nome":"Resende"},"microrregiao":{"id":33011,"nome":"Vale do Paraíba Fluminense"},"mesorregiao":{"id":3305,"nome":"Sul Fluminense"},"uf":{"id":33,"nome":"Rio de Janeiro","sigla":"RJ"},"regiao":{"id":3,"nome":"Sudeste","sigla":"SE"},"centroide":{"x":-44.4853,"y":-22.4406},"inner":{"x":-44.4331,"y":-22.3744}}},{"type":"Feature","geometry":{"type":"Polygon","coordinates":[[[-42.4418,-22.7303],[-42.4468,-22.8228],[-42.4994,-22.8305],[-42.5695,-22.804],[-42.6295,-22.8335],[-42.6451,-22.8549],[-42.6831,-22.7948],[-42.6755,-22.7738],[-42.7089,-22.7234],[-42.7472,-22.6865],[-42.7093,-22.6704],[-42.6937,-22.6435],[-42.668,-22.6367],[-42.6275,-22.6568],[-42.5646,-22.6201],[-42.528,-22.6317],[-42.5298,-22.7176],[-42.4418,-22.7303]]]},"properties":{"tipo":"municipio","municipio":{"id":3304300,"nome":"Rio Bonito"},"microrregiao":{"id":33016,"nome":"Macacu-Caceribu"},"mesorregiao":{"id":3306,"nome":"Metropolitana do Rio de Janeiro"},"uf":{"id":33,"nome":"Rio de Janeiro","sigla":"RJ"},"regiao":{"id":3,"nome":"Sudeste","sigla":"SE"},"centroide":{"x":-42.5881,"y":-22.735},"inner":{"x":-42.6031,"y":-22.7304}}},{"type":"Feature","geometry":{"type":"Polygon","coordinates":[[[-44.1926,-22.9289],[-44.2416,-22.913],[-44.2377,-22.872],[-44.2609,-22.8476],[-44.3181,-22.8451],[-44.2676,-22.829],[-44.2402,-22.7914],[-44.2576,-22.767],[-44.227,-22.7337],[-44.1739,-22.7021],[-44.1656,-22.6734],[-44.1471,-22.6528],[-44.0863,-22.6406],[-44.017,-22.6404],[-43.9574,-22.6819],[-43.9362,-22.7109],[-43.8792,-22.7142],[-43.9002,-22.7523],[-43.8913,-22.7908],[-43.8738,-22.8091],[-43.939,-22.8812],[-43.9649,-22.8864],[-43.9902,-22.8438],[-44.0449,-22.8831],[-44.0885,-22.8836],[-44.1119,-22.8646],[-44.1926,-22.9289]]]},"properties":{"tipo":"municipio","municipio":{"id":3304409,"nome":"Rio Claro"},"microrregiao":{"id":33011,"nome":"Vale do Paraíba Fluminense"},"mesorregiao":{"id":3305,"nome":"Sul Fluminense"},"uf":{"id":33,"nome":"Rio de Janeiro","sigla":"RJ"},"regiao":{"id":3,"nome":"Sudeste","sigla":"SE"},"centroide":{"x":-44.0784,"y":-22.7805},"inner":{"x":-44.075,"y":-22.7809}}},{"type":"Feature","geometry":{"type":"Polygon","coordinates":[[[-43.437,-22.06],[-43.4004,-22.2163],[-43.4265,-22.236],[-43.4578,-22.2163],[-43.4846,-22.2498],[-43.5147,-22.2365],[-43.5246,-22.276],[-43.5614,-22.2647],[-43.5887,-22.2883],[-43.608,-22.259],[-43.6087,-22.2247],[-43.6585,-22.1973],[-43.6663,-22.1722],[-43.6591,-22.1045],[-43.6684,-22.0861],[-43.6457,-22.0649],[-43.6212,-22.0833],[-43.5923,-22.0563],[-43.5661,-22.0875],[-43.5257,-22.0727],[-43.4645,-22.0728],[-43.437,-22.06]]]},"properties":{"tipo":"municipio","municipio":{"id":3304508,"nome":"Rio das Flores"},"microrregiao":{"id":33012,"nome":"Barra do Piraí"},"mesorregiao":{"id":3305,"nome":"Sul Fluminense"},"uf":{"id":33,"nome":"Rio de Janeiro","sigla":"RJ"},"regiao":{"id":3,"nome":"Sudeste","sigla":"SE"},"centroide":{"x":-43.5387,"y":-22.1599},"inner":{"x":-43.5386,"y":-22.1594}}},{"type":"Feature","geometry":{"type":"Polygon","coordinates":[[[-41.9793,-22.563],[-41.9913,-22.5023],[-42.0189,-22.4798],[-42.0185,-22.4297],[-42.0635,-22.4228],[-42.0238,-22.3879],[-41.9956,-22.3998],[-41.9636,-22.3881],[-41.9069,-22.4],[-41.8787,-22.4181],[-41.8177,-22.417],[-41.8535,-22.4475],[-41.8625,-22.4758],[-41.8916,-22.4872],[-41.9327,-22.5376],[-41.9684,-22.542],[-41.9793,-22.563]]]},"properties":{"tipo":"municipio","municipio":{"id":3304524,"nome":"Rio das Ostras"},"microrregiao":{"id":33009,"nome":"Bacia de São João"},"mesorregiao":{"id":3304,"nome":"Baixadas"},"uf":{"id":33,"nome":"Rio de Janeiro","sigla":"RJ"},"regiao":{"id":3,"nome":"Sudeste","sigla":"SE"},"centroide":{"x":-41.9465,"y":-22.4542},"inner":{"x":-41.9483,"y":-22.4588}}},{"type":"Feature","geometry":{"type":"MultiPolygon","coordinates":[[[[-43.3309,-22.8027],[-43.2725,-22.8034],[-43.2108,-22.8976],[-43.1692,-22.9046],[-43.1711,-22.9352],[-43.1502,-22.9507],[-43.1833,-22.9728],[-43.2863,-23.0146],[-43.3729,-23.0118],[-43.4373,-23.0208],[-43.5103,-23.0481],[-43.5624,-23.0532],[-43.6231,-23.0079],[-43.6746,-22.9805],[-43.7064,-22.9752],[-43.796,-22.9171],[-43.7659,-22.8951],[-43.6974,-22.8647],[-43.6748,-22.8648],[-43.6735,-22.864],[-43.5963,-22.8578],[-43.5885,-22.8387],[-43.4901,-22.8155],[-43.4692,-22.8404],[-43.4312,-22.8393],[-43.3906,-22.8138],[-43.3309,-22.8027]]],[[[-43.6678,-23.0531],[-43.6666,-23.0426],[-43.614,-23.031],[-43.6118,-23.0503],[-43.6678,-23.0531]]],[[[-43.1722,-22.7756],[-43.1726,-22.8253],[-43.2169,-22.8172],[-43.2392,-22.8338],[-43.2657,-22.8112],[-43.2207,-22.7846],[-43.1904,-22.7955],[-43.1722,-22.7756]]]]},"properties":{"tipo":"municipio","municipio":{"id":3304557,"nome":"Rio de Janeiro"},"microrregiao":{"id":33018,"nome":"Rio de Janeiro"},"mesorregiao":{"id":3306,"nome":"Metropolitana do Rio de Janeiro"},"uf":{"id":33,"nome":"Rio de Janeiro","sigla":"RJ"},"regiao":{"id":3,"nome":"Sudeste","sigla":"SE"},"centroide":{"x":-43.4579,"y":-22.9255},"inner":{"x":-43.5165,"y":-22.9348}}},{"type":"Feature","geometry":{"type":"Polygon","coordinates":[[[-41.8839,-21.8723],[-41.8493,-21.8874],[-41.7965,-21.879],[-41.7757,-21.8903],[-41.7096,-21.8945],[-41.721,-21.9449],[-41.7169,-21.9815],[-41.7674,-22.0304],[-41.7505,-22.0864],[-41.8208,-22.0999],[-41.8373,-22.0718],[-41.8869,-22.0491],[-41.91,-22.0679],[-41.936,-22.0577],[-41.9608,-22.0774],[-41.9984,-22.0578],[-42.0517,-22.0596],[-42.1026,-22.0471],[-42.1363,-22.025],[-42.094,-21.9428],[-42.0346,-21.8869],[-41.9949,-21.8252],[-41.9711,-21.8031],[-41.9365,-21.8723],[-41.8839,-21.8723]]]},"properties":{"tipo":"municipio","municipio":{"id":3304607,"nome":"Santa Maria Madalena"},"microrregiao":{"id":33008,"nome":"Santa Maria Madalena"},"mesorregiao":{"id":3303,"nome":"Centro Fluminense"},"uf":{"id":33,"nome":"Rio de Janeiro","sigla":"RJ"},"regiao":{"id":3,"nome":"Sudeste","sigla":"SE"},"centroide":{"x":-41.9135,"y":-21.9697},"inner":{"x":-41.9285,"y":-21.9657}}},{"type":"Feature","geometry":{"type":"Polygon","coordinates":[[[-42.1198,-21.6015],[-42.2029,-21.6435],[-42.1844,-21.6815],[-42.2378,-21.6978],[-42.2666,-21.7145],[-42.2733,-21.6779],[-42.3017,-21.655],[-42.3397,-21.6603],[-42.3652,-21.6465],[-42.3687,-21.6184],[-42.2856,-21.5281],[-42.2574,-21.4823],[-42.2921,-21.4592],[-42.2754,-21.4275],[-42.2023,-21.4686],[-42.1241,-21.4738],[-42.1,-21.4513],[-42.0581,-21.4338],[-42.0089,-21.4282],[-41.9935,-21.4583],[-41.9981,-21.4889],[-42.0548,-21.5264],[-42.0533,-21.5459],[-42.1053,-21.602],[-42.1198,-21.6015]]]},"properties":{"tipo":"municipio","municipio":{"id":3304706,"nome":"Santo Antônio de Pádua"},"microrregiao":{"id":33002,"nome":"Santo Antônio de Pádua"},"mesorregiao":{"id":3301,"nome":"Noroeste Fluminense"},"uf":{"id":33,"nome":"Rio de Janeiro","sigla":"RJ"},"regiao":{"id":3,"nome":"Sudeste","sigla":"SE"},"centroide":{"x":-42.1929,"y":-21.5556},"inner":{"x":-42.1958,"y":-21.5529}}},{"type":"Feature","geometry":{"type":"Polygon","coordinates":[[[-41.9367,-21.5968],[-41.8958,-21.5749],[-41.8438,-21.531],[-41.8159,-21.4907],[-41.7427,-21.4643],[-41.6795,-21.5163],[-41.627,-21.5957],[-41.5414,-21.5608],[-41.5381,-21.6219],[-41.5917,-21.6629],[-41.6363,-21.6692],[-41.6551,-21.6936],[-41.696,-21.7144],[-41.7052,-21.7488],[-41.7375,-21.7665],[-41.7503,-21.7897],[-41.7975,-21.7959],[-41.8879,-21.8624],[-41.8839,-21.8723],[-41.9365,-21.8723],[-41.9711,-21.8031],[-41.9373,-21.7413],[-41.9367,-21.5968]]]},"properties":{"tipo":"municipio","municipio":{"id":3304805,"nome":"São Fidélis"},"microrregiao":{"id":33003,"nome":"Campos dos Goytacazes"},"mesorregiao":{"id":3302,"nome":"Norte Fluminense"},"uf":{"id":33,"nome":"Rio de Janeiro","sigla":"RJ"},"regiao":{"id":3,"nome":"Sudeste","sigla":"SE"},"centroide":{"x":-41.787,"y":-21.6599},"inner":{"x":-41.7902,"y":-21.658}}},{"type":"Feature","geometry":{"type":"Polygon","coordinates":[[[-41.1344,-21.6779],[-41.1969,-21.6825],[-41.1811,-21.5921],[-41.2545,-21.5563],[-41.2441,-21.5006],[-41.2558,-21.4742],[-41.2667,-21.4077],[-41.264,-21.3334],[-41.3104,-21.3093],[-41.2762,-21.2401],[-41.2414,-21.2204],[-41.1904,-21.2486],[-41.0895,-21.2196],[-41.0399,-21.2551],[-41.0049,-21.2528],[-40.995,-21.2864],[-40.9602,-21.3016],[-40.9604,-21.3605],[-40.9947,-21.397],[-41.0236,-21.4465],[-41.0653,-21.4915],[-41.0693,-21.5367],[-41.0433,-21.5916],[-41.0104,-21.612],[-41.0529,-21.618],[-41.0952,-21.6513],[-41.098,-21.6706],[-41.1344,-21.6779]]]},"properties":{"tipo":"municipio","municipio":{"id":3304755,"nome":"São Francisco de Itabapoana"},"microrregiao":{"id":33003,"nome":"Campos dos Goytacazes"},"mesorregiao":{"id":3302,"nome":"Norte Fluminense"},"uf":{"id":33,"nome":"Rio de Janeiro","sigla":"RJ"},"regiao":{"id":3,"nome":"Sudeste","sigla":"SE"},"centroide":{"x":-41.1347,"y":-21.4182},"inner":{"x":-41.1171,"y":-21.3716}}},{"type":"Feature","geometry":{"type":"Polygon","coordinates":[[[-43.0331,-22.7477],[-42.9884,-22.7497],[-42.9406,-22.7764],[-42.9432,-22.7948],[-42.9061,-22.8169],[-42.886,-22.8676],[-42.9568,-22.9008],[-43.1034,-22.8559],[-43.0986,-22.8308],[-43.0654,-22.8032],[-43.0641,-22.7651],[-43.0331,-22.7477]]]},"properties":{"tipo":"municipio","municipio":{"id":3304904,"nome":"São Gonçalo"},"microrregiao":{"id":33018,"nome":"Rio de Janeiro"},"mesorregiao":{"id":3306,"nome":"Metropolitana do Rio de Janeiro"},"uf":{"id":33,"nome":"Rio de Janeiro","sigla":"RJ"},"regiao":{"id":3,"nome":"Sudeste","sigla":"SE"},"centroide":{"x":-42.9966,"y":-22.8256},"inner":{"x":-42.9982,"y":-22.8218}}},{"type":"Feature","geometry":{"type":"Polygon","coordinates":[[[-40.9812,-21.9115],[-41.1279,-21.9119],[-41.1525,-21.8838],[-41.149,-21.8204],[-41.1773,-21.7765],[-41.183,-21.7239],[-41.1344,-21.6779],[-41.098,-21.6706],[-41.0952,-21.6513],[-41.0529,-21.618],[-41.0104,-21.612],[-41.0228,-21.6894],[-41.0214,-21.7497],[-40.9812,-21.9115]]]},"properties":{"tipo":"municipio","municipio":{"id":3305000,"nome":"São João da Barra"},"microrregiao":{"id":33003,"nome":"Campos dos Goytacazes"},"mesorregiao":{"id":3302,"nome":"Norte Fluminense"},"uf":{"id":33,"nome":"Rio de Janeiro","sigla":"RJ"},"regiao":{"id":3,"nome":"Sudeste","sigla":"SE"},"centroide":{"x":-41.0807,"y":-21.7815},"inner":{"x":-41.0894,"y":-21.7792}}},{"type":"Feature","geometry":{"type":"Polygon","coordinates":[[[-43.3971,-22.7776],[-43.3293,-22.7559],[-43.3309,-22.8027],[-43.3906,-22.8138],[-43.4107,-22.7917],[-43.3971,-22.7776]]]},"properties":{"tipo":"municipio","municipio":{"id":3305109,"nome":"São João de Meriti"},"microrregiao":{"id":33018,"nome":"Rio de Janeiro"},"mesorregiao":{"id":3306,"nome":"Metropolitana do Rio de Janeiro"},"uf":{"id":33,"nome":"Rio de Janeiro","sigla":"RJ"},"regiao":{"id":3,"nome":"Sudeste","sigla":"SE"},"centroide":{"x":-43.3653,"y":-22.7851},"inner":{"x":-43.3661,"y":-22.7837}}},{"type":"Feature","geometry":{"type":"Polygon","coordinates":[[[-41.816,-21.3275],[-41.8547,-21.3448],[-41.9038,-21.401],[-41.9502,-21.4323],[-41.974,-21.4747],[-41.9981,-21.4889],[-41.9935,-21.4583],[-42.0089,-21.4282],[-42.0581,-21.4338],[-42.0283,-21.378],[-42.0346,-21.3434],[-41.985,-21.3129],[-41.9305,-21.3112],[-41.9177,-21.2952],[-41.8591,-21.3032],[-41.8394,-21.2883],[-41.816,-21.3275]]]},"properties":{"tipo":"municipio","municipio":{"id":3305133,"nome":"São José de Ubá"},"microrregiao":{"id":33002,"nome":"Santo Antônio de Pádua"},"mesorregiao":{"id":3301,"nome":"Noroeste Fluminense"},"uf":{"id":33,"nome":"Rio de Janeiro","sigla":"RJ"},"regiao":{"id":3,"nome":"Sudeste","sigla":"SE"},"centroide":{"x":-41.9493,"y":-21.3708},"inner":{"x":-41.9594,"y":-21.3698}}},{"type":"Feature","geometry":{"type":"Polygon","coordinates":[[[-42.9806,-22.2647],[-42.9981,-22.2259],[-43.029,-22.2026],[-43.0478,-22.2086],[-43.0208,-22.1618],[-42.955,-22.1389],[-42.9696,-22.0884],[-42.8956,-22.1104],[-42.8645,-22.1266],[-42.8524,-22.1623],[-42.7938,-22.1222],[-42.7556,-22.1182],[-42.7493,-22.1253],[-42.7771,-22.1305],[-42.815,-22.1635],[-42.8681,-22.1906],[-42.8922,-22.1898],[-42.9066,-22.225],[-42.9421,-22.2339],[-42.9806,-22.2647]]]},"properties":{"tipo":"municipio","municipio":{"id":3305158,"nome":"São José do Vale do Rio Preto"},"microrregiao":{"id":33015,"nome":"Serrana"},"mesorregiao":{"id":3306,"nome":"Metropolitana do Rio de Janeiro"},"uf":{"id":33,"nome":"Rio de Janeiro","sigla":"RJ"},"regiao":{"id":3,"nome":"Sudeste","sigla":"SE"},"centroide":{"x":-42.9326,"y":-22.1697},"inner":{"x":-42.9349,"y":-22.1769}}},{"type":"Feature","geometry":{"type":"Polygon","coordinates":[[[-42.2539,-22.792],[-42.2184,-22.7702],[-42.1669,-22.6804],[-42.1319,-22.6534],[-42.025,-22.7964],[-42.0412,-22.8657],[-42.088,-22.8652],[-42.1222,-22.9083],[-42.1717,-22.8737],[-42.2117,-22.8777],[-42.1767,-22.8276],[-42.2091,-22.7852],[-42.2539,-22.792]]]},"properties":{"tipo":"municipio","municipio":{"id":3305208,"nome":"São Pedro da Aldeia"},"microrregiao":{"id":33010,"nome":"Lagos"},"mesorregiao":{"id":3304,"nome":"Baixadas"},"uf":{"id":33,"nome":"Rio de Janeiro","sigla":"RJ"},"regiao":{"id":3,"nome":"Sudeste","sigla":"SE"},"centroide":{"x":-42.1262,"y":-22.7884},"inner":{"x":-42.1166,"y":-22.7915}}},{"type":"Feature","geometry":{"type":"Polygon","coordinates":[[[-42.243,-21.9729],[-42.2073,-21.8772],[-42.1672,-21.8592],[-42.0884,-21.8017],[-42.0622,-21.7998],[-42.0213,-21.7532],[-41.9957,-21.7375],[-41.9489,-21.7305],[-41.9373,-21.7413],[-41.9711,-21.8031],[-41.9949,-21.8252],[-42.0346,-21.8869],[-42.094,-21.9428],[-42.1363,-22.025],[-42.1548,-22.011],[-42.1868,-22.0181],[-42.2194,-22.0097],[-42.243,-21.9729]]]},"properties":{"tipo":"municipio","municipio":{"id":3305307,"nome":"São Sebastião do Alto"},"microrregiao":{"id":33008,"nome":"Santa Maria Madalena"},"mesorregiao":{"id":3303,"nome":"Centro Fluminense"},"uf":{"id":33,"nome":"Rio de Janeiro","sigla":"RJ"},"regiao":{"id":3,"nome":"Sudeste","sigla":"SE"},"centroide":{"x":-42.1024,"y":-21.8836},"inner":{"x":-42.1571,"y":-21.9419}}},{"type":"Feature","geometry":{"type":"Polygon","coordinates":[[[-42.6653,-21.8733],[-42.6635,-21.9155],[-42.691,-21.9693],[-42.6971,-22.001],[-42.7336,-22.0487],[-42.7343,-22.0944],[-42.7556,-22.1182],[-42.7938,-22.1222],[-42.8524,-22.1623],[-42.8645,-22.1266],[-42.8956,-22.1104],[-42.9696,-22.0884],[-43.0163,-22.0858],[-43.0022,-22.0328],[-42.9091,-21.9905],[-42.8814,-21.9593],[-42.7878,-21.9296],[-42.6653,-21.8733]]]},"properties":{"tipo":"municipio","municipio":{"id":3305406,"nome":"Sapucaia"},"microrregiao":{"id":33005,"nome":"Três Rios"},"mesorregiao":{"id":3303,"nome":"Centro Fluminense"},"uf":{"id":33,"nome":"Rio de Janeiro","sigla":"RJ"},"regiao":{"id":3,"nome":"Sudeste","sigla":"SE"},"centroide":{"x":-42.8228,"y":-22.0241},"inner":{"x":-42.8255,"y":-22.0337}}},{"type":"Feature","geometry":{"type":"Polygon","coordinates":[[[-42.4468,-22.8228],[-42.3699,-22.8354],[-42.3866,-22.8951],[-42.3816,-22.9358],[-42.6032,-22.9338],[-42.6412,-22.9377],[-42.6342,-22.9197],[-42.679,-22.8961],[-42.6599,-22.859],[-42.6451,-22.8549],[-42.6295,-22.8335],[-42.5695,-22.804],[-42.4994,-22.8305],[-42.4468,-22.8228]]]},"properties":{"tipo":"municipio","municipio":{"id":3305505,"nome":"Saquarema"},"microrregiao":{"id":33010,"nome":"Lagos"},"mesorregiao":{"id":3304,"nome":"Baixadas"},"uf":{"id":33,"nome":"Rio de Janeiro","sigla":"RJ"},"regiao":{"id":3,"nome":"Sudeste","sigla":"SE"},"centroide":{"x":-42.5188,"y":-22.8783},"inner":{"x":-42.5188,"y":-22.8785}}},{"type":"Feature","geometry":{"type":"Polygon","coordinates":[[[-43.6748,-22.8648],[-43.7659,-22.829],[-43.8024,-22.8031],[-43.7964,-22.7724],[-43.7731,-22.7689],[-43.753,-22.7001],[-43.7037,-22.6448],[-43.6708,-22.6529],[-43.6387,-22.7204],[-43.6348,-22.7833],[-43.6231,-22.8266],[-43.6735,-22.864],[-43.6748,-22.8648]]]},"properties":{"tipo":"municipio","municipio":{"id":3305554,"nome":"Seropédica"},"microrregiao":{"id":33017,"nome":"Itaguaí"},"mesorregiao":{"id":3306,"nome":"Metropolitana do Rio de Janeiro"},"uf":{"id":33,"nome":"Rio de Janeiro","sigla":"RJ"},"regiao":{"id":3,"nome":"Sudeste","sigla":"SE"},"centroide":{"x":-43.7025,"y":-22.7597},"inner":{"x":-43.7042,"y":-22.7748}}},{"type":"Feature","geometry":{"type":"Polygon","coordinates":[[[-42.1869,-22.5555],[-42.1993,-22.576],[-42.247,-22.6128],[-42.2754,-22.6056],[-42.3145,-22.648],[-42.3319,-22.7043],[-42.42,-22.7364],[-42.4418,-22.7303],[-42.5298,-22.7176],[-42.528,-22.6317],[-42.5646,-22.6201],[-42.6034,-22.5407],[-42.5506,-22.4558],[-42.5119,-22.4348],[-42.4814,-22.4416],[-42.387,-22.4218],[-42.3149,-22.4246],[-42.2776,-22.4017],[-42.3042,-22.4579],[-42.2708,-22.4856],[-42.2503,-22.5464],[-42.212,-22.539],[-42.1869,-22.5555]]]},"properties":{"tipo":"municipio","municipio":{"id":3305604,"nome":"Silva Jardim"},"microrregiao":{"id":33009,"nome":"Bacia de São João"},"mesorregiao":{"id":3304,"nome":"Baixadas"},"uf":{"id":33,"nome":"Rio de Janeiro","sigla":"RJ"},"regiao":{"id":3,"nome":"Sudeste","sigla":"SE"},"centroide":{"x":-42.4134,"y":-22.5676},"inner":{"x":-42.4173,"y":-22.5697}}},{"type":"Feature","geometry":{"type":"Polygon","coordinates":[[[-42.691,-21.9693],[-42.5603,-21.9994],[-42.5789,-22.0474],[-42.6035,-22.0837],[-42.6106,-22.1401],[-42.5784,-22.1401],[-42.5575,-22.1636],[-42.6118,-22.1964],[-42.6685,-22.2203],[-42.6759,-22.2398],[-42.714,-22.2661],[-42.7439,-22.234],[-42.7337,-22.2109],[-42.7518,-22.1861],[-42.7493,-22.1253],[-42.7556,-22.1182],[-42.7343,-22.0944],[-42.7336,-22.0487],[-42.6971,-22.001],[-42.691,-21.9693]]]},"properties":{"tipo":"municipio","municipio":{"id":3305703,"nome":"Sumidouro"},"microrregiao":{"id":33007,"nome":"Nova Friburgo"},"mesorregiao":{"id":3303,"nome":"Centro Fluminense"},"uf":{"id":33,"nome":"Rio de Janeiro","sigla":"RJ"},"regiao":{"id":3,"nome":"Sudeste","sigla":"SE"},"centroide":{"x":-42.6643,"y":-22.1071},"inner":{"x":-42.6726,"y":-22.107}}},{"type":"Feature","geometry":{"type":"Polygon","coordinates":[[[-42.7336,-22.8408],[-42.7579,-22.7968],[-42.7833,-22.7753],[-42.7974,-22.7369],[-42.7678,-22.7382],[-42.7472,-22.6865],[-42.7089,-22.7234],[-42.6755,-22.7738],[-42.6831,-22.7948],[-42.6451,-22.8549],[-42.6599,-22.859],[-42.7162,-22.8537],[-42.7336,-22.8408]]]},"properties":{"tipo":"municipio","municipio":{"id":3305752,"nome":"Tanguá"},"microrregiao":{"id":33018,"nome":"Rio de Janeiro"},"mesorregiao":{"id":3306,"nome":"Metropolitana do Rio de Janeiro"},"uf":{"id":33,"nome":"Rio de Janeiro","sigla":"RJ"},"regiao":{"id":3,"nome":"Sudeste","sigla":"SE"},"centroide":{"x":-42.7252,"y":-22.7822},"inner":{"x":-42.7318,"y":-22.7642}}},{"type":"Feature","geometry":{"type":"Polygon","coordinates":[[[-42.7276,-22.3556],[-42.7672,-22.3843],[-42.7935,-22.3754],[-42.8105,-22.4052],[-42.8509,-22.4163],[-42.8851,-22.4534],[-42.9182,-22.451],[-42.9761,-22.471],[-43.0288,-22.4613],[-43.0329,-22.4328],[-43.0229,-22.3558],[-43.0364,-22.3084],[-42.9806,-22.2647],[-42.9421,-22.2339],[-42.9066,-22.225],[-42.8922,-22.1898],[-42.8681,-22.1906],[-42.815,-22.1635],[-42.7771,-22.1305],[-42.7493,-22.1253],[-42.7518,-22.1861],[-42.7337,-22.2109],[-42.7439,-22.234],[-42.714,-22.2661],[-42.7276,-22.3556]]]},"properties":{"tipo":"municipio","municipio":{"id":3305802,"nome":"Teresópolis"},"microrregiao":{"id":33015,"nome":"Serrana"},"mesorregiao":{"id":3306,"nome":"Metropolitana do Rio de Janeiro"},"uf":{"id":33,"nome":"Rio de Janeiro","sigla":"RJ"},"regiao":{"id":3,"nome":"Sudeste","sigla":"SE"},"centroide":{"x":-42.8734,"y":-22.3141},"inner":{"x":-42.8734,"y":-22.3166}}},{"type":"Feature","geometry":{"type":"Polygon","coordinates":[[[-42.2875,-22.2922],[-42.2387,-22.2339],[-42.2861,-22.2008],[-42.2976,-22.1513],[-42.294,-22.1145],[-42.2693,-22.0892],[-42.27,-22.0687],[-42.2194,-22.0097],[-42.1868,-22.0181],[-42.1548,-22.011],[-42.1363,-22.025],[-42.1026,-22.0471],[-42.0517,-22.0596],[-41.9984,-22.0578],[-41.9608,-22.0774],[-41.9581,-22.1176],[-41.9717,-22.1318],[-42.0272,-22.1575],[-42.0884,-22.1697],[-42.0929,-22.2011],[-42.1714,-22.2251],[-42.2275,-22.2747],[-42.2511,-22.3068],[-42.2875,-22.2922]]]},"properties":{"tipo":"municipio","municipio":{"id":3305901,"nome":"Trajano de Moraes"},"microrregiao":{"id":33008,"nome":"Santa Maria Madalena"},"mesorregiao":{"id":3303,"nome":"Centro Fluminense"},"uf":{"id":33,"nome":"Rio de Janeiro","sigla":"RJ"},"regiao":{"id":3,"nome":"Sudeste","sigla":"SE"},"centroide":{"x":-42.1555,"y":-22.1299},"inner":{"x":-42.1671,"y":-22.1222}}},{"type":"Feature","geometry":{"type":"Polygon","coordinates":[[[-43.0478,-22.2086],[-43.055,-22.1653],[-43.1065,-22.1986],[-43.1596,-22.1929],[-43.1984,-22.2007],[-43.2007,-22.1773],[-43.2588,-22.1033],[-43.2152,-22.071],[-43.1306,-22.035],[-43.1532,-22.0744],[-43.1423,-22.1044],[-43.1062,-22.0827],[-43.0755,-22.0929],[-43.0332,-22.0659],[-43.0392,-22.0446],[-43.0022,-22.0328],[-43.0163,-22.0858],[-42.9696,-22.0884],[-42.955,-22.1389],[-43.0208,-22.1618],[-43.0478,-22.2086]]]},"properties":{"tipo":"municipio","municipio":{"id":3306008,"nome":"Três Rios"},"microrregiao":{"id":33005,"nome":"Três Rios"},"mesorregiao":{"id":3303,"nome":"Centro Fluminense"},"uf":{"id":33,"nome":"Rio de Janeiro","sigla":"RJ"},"regiao":{"id":3,"nome":"Sudeste","sigla":"SE"},"centroide":{"x":-43.1122,"y":-22.1247},"inner":{"x":-43.0972,"y":-22.1375}}},{"type":"Feature","geometry":{"type":"Polygon","coordinates":[[[-43.7487,-22.4032],[-43.7852,-22.3609],[-43.8137,-22.3558],[-43.8448,-22.3844],[-43.8579,-22.362],[-43.8539,-22.314],[-43.9139,-22.3547],[-43.9504,-22.3498],[-43.9727,-22.3127],[-44.0264,-22.2973],[-44.0902,-22.3259],[-44.1481,-22.3314],[-44.1558,-22.2571],[-44.1892,-22.2404],[-44.1544,-22.2272],[-44.1013,-22.1737],[-44.0335,-22.1523],[-43.998,-22.1559],[-43.8922,-22.1136],[-43.8416,-22.0991],[-43.7765,-22.066],[-43.7314,-22.0962],[-43.6821,-22.0716],[-43.6684,-22.0861],[-43.6591,-22.1045],[-43.6663,-22.1722],[-43.6585,-22.1973],[-43.6087,-22.2247],[-43.608,-22.259],[-43.5887,-22.2883],[-43.6054,-22.3073],[-43.6539,-22.3121],[-43.6649,-22.3438],[-43.7204,-22.376],[-43.7487,-22.4032]]]},"properties":{"tipo":"municipio","municipio":{"id":3306107,"nome":"Valença"},"microrregiao":{"id":33012,"nome":"Barra do Piraí"},"mesorregiao":{"id":3305,"nome":"Sul Fluminense"},"uf":{"id":33,"nome":"Rio de Janeiro","sigla":"RJ"},"regiao":{"id":3,"nome":"Sudeste","sigla":"SE"},"centroide":{"x":-43.8575,"y":-22.2342},"inner":{"x":-43.828,"y":-22.202}}},{"type":"Feature","geometry":{"type":"Polygon","coordinates":[[[-41.7415,-20.8726],[-41.7831,-20.903],[-41.8129,-20.9443],[-41.7895,-20.966],[-41.801,-20.9871],[-41.8225,-20.9532],[-41.8581,-20.9549],[-41.8919,-20.9738],[-41.9181,-20.9464],[-41.9118,-20.9289],[-41.8995,-20.8558],[-41.8698,-20.8606],[-41.8295,-20.8447],[-41.7752,-20.7999],[-41.7399,-20.8175],[-41.7415,-20.8726]]]},"properties":{"tipo":"municipio","municipio":{"id":3306156,"nome":"Varre-Sai"},"microrregiao":{"id":33001,"nome":"Itaperuna"},"mesorregiao":{"id":3301,"nome":"Noroeste Fluminense"},"uf":{"id":33,"nome":"Rio de Janeiro","sigla":"RJ"},"regiao":{"id":3,"nome":"Sudeste","sigla":"SE"},"centroide":{"x":-41.8297,"y":-20.8929},"inner":{"x":-41.8386,"y":-20.9029}}},{"type":"Feature","geometry":{"type":"Polygon","coordinates":[[[-43.7548,-22.4599],[-43.7771,-22.4422],[-43.7487,-22.4032],[-43.7204,-22.376],[-43.6649,-22.3438],[-43.6539,-22.3121],[-43.6054,-22.3073],[-43.5887,-22.2883],[-43.5614,-22.2647],[-43.5246,-22.276],[-43.5147,-22.2365],[-43.4846,-22.2498],[-43.4578,-22.2163],[-43.4265,-22.236],[-43.4004,-22.2163],[-43.3254,-22.2787],[-43.5036,-22.3112],[-43.507,-22.3321],[-43.4878,-22.3732],[-43.5078,-22.4016],[-43.4915,-22.42],[-43.5397,-22.4511],[-43.5618,-22.5001],[-43.584,-22.4551],[-43.6884,-22.463],[-43.7151,-22.455],[-43.7338,-22.4824],[-43.7548,-22.4599]]]},"properties":{"tipo":"municipio","municipio":{"id":3306206,"nome":"Vassouras"},"microrregiao":{"id":33014,"nome":"Vassouras"},"mesorregiao":{"id":3306,"nome":"Metropolitana do Rio de Janeiro"},"uf":{"id":33,"nome":"Rio de Janeiro","sigla":"RJ"},"regiao":{"id":3,"nome":"Sudeste","sigla":"SE"},"centroide":{"x":-43.5697,"y":-22.3585},"inner":{"x":-43.5731,"y":-22.3679}}},{"type":"Feature","geometry":{"type":"Polygon","coordinates":[[[-44.0056,-22.4071],[-44.0715,-22.4599],[-44.0306,-22.4971],[-44.0382,-22.5486],[-44.0542,-22.5503],[-44.0685,-22.5924],[-44.0863,-22.6406],[-44.0967,-22.5966],[-44.0901,-22.5304],[-44.1359,-22.5379],[-44.156,-22.5167],[-44.1544,-22.4633],[-44.142,-22.4353],[-44.0888,-22.4063],[-44.0056,-22.4071]]]},"properties":{"tipo":"municipio","municipio":{"id":3306305,"nome":"Volta Redonda"},"microrregiao":{"id":33011,"nome":"Vale do Paraíba Fluminense"},"mesorregiao":{"id":3305,"nome":"Sul Fluminense"},"uf":{"id":33,"nome":"Rio de Janeiro","sigla":"RJ"},"regiao":{"id":3,"nome":"Sudeste","sigla":"SE"},"centroide":{"x":-44.0889,"y":-22.4909},"inner":{"x":-44.1093,"y":-22.4847}}}]}